SRS1588794	SRR3957254	n	Retina_Adult.Tissue	Retina_Adult.Tissue	old
SRS1588796	SRR3957253	n	Retina_Adult.Tissue	Retina_Adult.Tissue	old
SRS1597854	SRR3994671	y	Retina_Adult.Tissue	Retina_Adult.Tissue	old
SRS1597855	SRR3994672	y	Retina_Adult.Tissue	Retina_Adult.Tissue	old
SRS1597856	SRR3994673	y	Retina_Adult.Tissue	Retina_Adult.Tissue	old
SRS1597860	SRR3994677	y	Retina_Adult.Tissue	Retina_Adult.Tissue	old
SRS1597861	SRR3994678	y	Retina_Adult.Tissue	Retina_Adult.Tissue	old
SRS1597862	SRR3994679	y	Retina_Adult.Tissue	Retina_Adult.Tissue	old
SRS1597866	SRR3994683	y	Retina_Adult.Tissue	Retina_Adult.Tissue	old
SRS1597867	SRR3994684	y	Retina_Adult.Tissue	Retina_Adult.Tissue	old
SRS1597868	SRR3994685	y	Retina_Adult.Tissue	Retina_Adult.Tissue	old
SRS1597872	SRR3994689	y	Retina_Adult.Tissue	Retina_Adult.Tissue	old
SRS1597873	SRR3994690	y	Retina_Adult.Tissue	Retina_Adult.Tissue	old
SRS1597874	SRR3994691	y	Retina_Adult.Tissue	Retina_Adult.Tissue	old
SRS1597878	SRR3994695	y	Retina_Adult.Tissue	Retina_Adult.Tissue	old
SRS1597879	SRR3994696	y	Retina_Adult.Tissue	Retina_Adult.Tissue	old
SRS1597880	SRR3994697	y	Retina_Adult.Tissue	Retina_Adult.Tissue	old
SRS1597881	SRR3994698	y	Retina_Adult.Tissue	Retina_Adult.Tissue	old
SRS1597882	SRR3994699	y	Retina_Adult.Tissue	Retina_Adult.Tissue	old
SRS360125	SRR548613	y	Retina_Adult.Tissue	Retina_Adult.Tissue	old
SRS523795	SRR1067929,SRR1067928	y	Retina_Adult.Tissue	Retina_Adult.Tissue	old
SRS523800	SRR1067932	y	Retina_Adult.Tissue	Retina_Adult.Tissue	old
SRS523803	SRR1067936	y	Retina_Adult.Tissue	Retina_Adult.Tissue	old
SRS523812	SRR1067944	y	Retina_Adult.Tissue	Retina_Adult.Tissue	old
SRS523815	SRR1067948	y	Retina_Adult.Tissue	Retina_Adult.Tissue	old
SRS523833	SRR1067970	y	Retina_Adult.Tissue	Retina_Adult.Tissue	old
SRS523848	SRR1067984	y	Retina_Adult.Tissue	Retina_Adult.Tissue	old
SRS523850	SRR1067986	y	Retina_Adult.Tissue	Retina_Adult.Tissue	old
SRS523854	SRR1067988	y	Retina_Adult.Tissue	Retina_Adult.Tissue	old
SRS523858	SRR1067991	y	Retina_Adult.Tissue	Retina_Adult.Tissue	old
SRS523901	SRR1068000	y	Retina_Adult.Tissue	Retina_Adult.Tissue	old
SRS523838	SRR1067975	y	Retina_Adult.Tissue	Retina_Adult.Tissue	old
SRS523842	SRR1067979	y	Retina_Adult.Tissue	Retina_Adult.Tissue	old
SRS523806	SRR1067939	y	Retina_Adult.Tissue	Retina_Adult.Tissue	old
SRS523863	SRR1067996	y	Retina_Adult.Tissue	Retina_Adult.Tissue	old
SRS523809	SRR1067942	y	Retina_Adult.Tissue	Retina_Adult.Tissue	old
SRS085183	SRR060734	y	Retina_Adult.Tissue	Retina_Adult.Tissue	old
E-MTAB-4377.RNA1	.	y	Retina_Adult.Tissue	Retina_Adult.Tissue	old
E-MTAB-4377.RNA10	.	y	Retina_Adult.Tissue	Retina_Adult.Tissue	old
E-MTAB-4377.RNA11	.	y	Retina_Adult.Tissue	Retina_Adult.Tissue	old
E-MTAB-4377.RNA12	.	y	Retina_Adult.Tissue	Retina_Adult.Tissue	old
E-MTAB-4377.RNA13	.	y	Retina_Adult.Tissue	Retina_Adult.Tissue	old
E-MTAB-4377.RNA14	.	y	Retina_Adult.Tissue	Retina_Adult.Tissue	old
E-MTAB-4377.RNA15	.	y	Retina_Adult.Tissue	Retina_Adult.Tissue	old
E-MTAB-4377.RNA16	.	y	Retina_Adult.Tissue	Retina_Adult.Tissue	old
E-MTAB-4377.RNA17	.	y	Retina_Adult.Tissue	Retina_Adult.Tissue	old
E-MTAB-4377.RNA18	.	y	Retina_Adult.Tissue	Retina_Adult.Tissue	old
E-MTAB-4377.RNA19	.	y	Retina_Adult.Tissue	Retina_Adult.Tissue	old
E-MTAB-4377.RNA2	.	y	Retina_Adult.Tissue	Retina_Adult.Tissue	old
E-MTAB-4377.RNA20	.	y	Retina_Adult.Tissue	Retina_Adult.Tissue	old
E-MTAB-4377.RNA21	.	y	Retina_Adult.Tissue	Retina_Adult.Tissue	old
E-MTAB-4377.RNA22	.	y	Retina_Adult.Tissue	Retina_Adult.Tissue	old
E-MTAB-4377.RNA23	.	y	Retina_Adult.Tissue	Retina_Adult.Tissue	old
E-MTAB-4377.RNA24	.	y	Retina_Adult.Tissue	Retina_Adult.Tissue	old
E-MTAB-4377.RNA25	.	y	Retina_Adult.Tissue	Retina_Adult.Tissue	old
E-MTAB-4377.RNA26	.	y	Retina_Adult.Tissue	Retina_Adult.Tissue	old
E-MTAB-4377.RNA27	.	y	Retina_Adult.Tissue	Retina_Adult.Tissue	old
E-MTAB-4377.RNA28	.	y	Retina_Adult.Tissue	Retina_Adult.Tissue	old
E-MTAB-4377.RNA29	.	y	Retina_Adult.Tissue	Retina_Adult.Tissue	old
E-MTAB-4377.RNA3	.	y	Retina_Adult.Tissue	Retina_Adult.Tissue	old
E-MTAB-4377.RNA30	.	y	Retina_Adult.Tissue	Retina_Adult.Tissue	old
E-MTAB-4377.RNA31	.	y	Retina_Adult.Tissue	Retina_Adult.Tissue	old
E-MTAB-4377.RNA32	.	y	Retina_Adult.Tissue	Retina_Adult.Tissue	old
E-MTAB-4377.RNA33	.	y	Retina_Adult.Tissue	Retina_Adult.Tissue	old
E-MTAB-4377.RNA34	.	y	Retina_Adult.Tissue	Retina_Adult.Tissue	old
E-MTAB-4377.RNA35	.	y	Retina_Adult.Tissue	Retina_Adult.Tissue	old
E-MTAB-4377.RNA36	.	y	Retina_Adult.Tissue	Retina_Adult.Tissue	old
E-MTAB-4377.RNA37	.	y	Retina_Adult.Tissue	Retina_Adult.Tissue	old
E-MTAB-4377.RNA38	.	y	Retina_Adult.Tissue	Retina_Adult.Tissue	old
E-MTAB-4377.RNA39	.	y	Retina_Adult.Tissue	Retina_Adult.Tissue	old
E-MTAB-4377.RNA4	.	y	Retina_Adult.Tissue	Retina_Adult.Tissue	old
E-MTAB-4377.RNA40	.	y	Retina_Adult.Tissue	Retina_Adult.Tissue	old
E-MTAB-4377.RNA41	.	y	Retina_Adult.Tissue	Retina_Adult.Tissue	old
E-MTAB-4377.RNA42	.	y	Retina_Adult.Tissue	Retina_Adult.Tissue	old
E-MTAB-4377.RNA43	.	y	Retina_Adult.Tissue	Retina_Adult.Tissue	old
E-MTAB-4377.RNA44	.	y	Retina_Adult.Tissue	Retina_Adult.Tissue	old
E-MTAB-4377.RNA45	.	y	Retina_Adult.Tissue	Retina_Adult.Tissue	old
E-MTAB-4377.RNA46	.	y	Retina_Adult.Tissue	Retina_Adult.Tissue	old
E-MTAB-4377.RNA47	.	y	Retina_Adult.Tissue	Retina_Adult.Tissue	old
E-MTAB-4377.RNA48	.	y	Retina_Adult.Tissue	Retina_Adult.Tissue	old
E-MTAB-4377.RNA49	.	y	Retina_Adult.Tissue	Retina_Adult.Tissue	old
E-MTAB-4377.RNA5	.	y	Retina_Adult.Tissue	Retina_Adult.Tissue	old
E-MTAB-4377.RNA50	.	y	Retina_Adult.Tissue	Retina_Adult.Tissue	old
E-MTAB-4377.RNA6	.	y	Retina_Adult.Tissue	Retina_Adult.Tissue	old
E-MTAB-4377.RNA7	.	y	Retina_Adult.Tissue	Retina_Adult.Tissue	old
E-MTAB-4377.RNA8	.	y	Retina_Adult.Tissue	Retina_Adult.Tissue	old
E-MTAB-4377.RNA9	.	y	Retina_Adult.Tissue	Retina_Adult.Tissue	old
SRS1955479	SRR5225761	y	Retina_Adult.Tissue	Retina_Adult.Tissue	old
SRS1955509	SRR5225791	y	Retina_Adult.Tissue	Retina_Adult.Tissue	old
SRS1955507	SRR5225789	y	Retina_Adult.Tissue	Retina_Adult.Tissue	old
SRS1955505	SRR5225787	y	Retina_Adult.Tissue	Retina_Adult.Tissue	old
SRS1955503	SRR5225785	y	Retina_Adult.Tissue	Retina_Adult.Tissue	old
SRS1955501	SRR5225783	y	Retina_Adult.Tissue	Retina_Adult.Tissue	old
SRS1955499	SRR5225781	y	Retina_Adult.Tissue	Retina_Adult.Tissue	old
SRS1955497	SRR5225779	y	Retina_Adult.Tissue	Retina_Adult.Tissue	old
SRS1955495	SRR5225777	y	Retina_Adult.Tissue	Retina_Adult.Tissue	old
SRS1955493	SRR5225775	y	Retina_Adult.Tissue	Retina_Adult.Tissue	old
SRS1955491	SRR5225773	y	Retina_Adult.Tissue	Retina_Adult.Tissue	old
SRS1955488	SRR5225771	y	Retina_Adult.Tissue	Retina_Adult.Tissue	old
SRS1955487	SRR5225769	y	Retina_Adult.Tissue	Retina_Adult.Tissue	old
SRS1955484	SRR5225767	y	Retina_Adult.Tissue	Retina_Adult.Tissue	old
SRS1955483	SRR5225765	y	Retina_Adult.Tissue	Retina_Adult.Tissue	old
SRS1955480	SRR5225763	y	Retina_Adult.Tissue	Retina_Adult.Tissue	old
SRS896993	SRR1956832	n	Retina_Fetal.Tissue	Retina_Fetal.Tissue	Retina_Stem.Cell.Line
SRS896994	SRR1956830	n	Retina_Fetal.Tissue	Retina_Fetal.Tissue	Retina_Stem.Cell.Line
SRS896995	SRR1956831	n	Retina_Fetal.Tissue	Retina_Fetal.Tissue	Retina_Stem.Cell.Line
SRS896996	SRR1956829	n	Retina_Fetal.Tissue	Retina_Fetal.Tissue	Retina_Stem.Cell.Line
SRS896997	SRR1956827	n	Retina_Fetal.Tissue	Retina_Fetal.Tissue	Retina_Stem.Cell.Line
SRS896998	SRR1956826	n	Retina_Fetal.Tissue	Retina_Fetal.Tissue	Retina_Stem.Cell.Line
SRS896999	SRR1956828	n	Retina_Fetal.Tissue	Retina_Fetal.Tissue	Retina_Stem.Cell.Line
SRS897001	SRR1956825	n	Retina_Fetal.Tissue	Retina_Fetal.Tissue	Retina_Stem.Cell.Line
SRS897003	SRR1956822	n	Retina_Fetal.Tissue	Retina_Fetal.Tissue	Retina_Stem.Cell.Line
SRS897005	SRR1956820	n	Retina_Fetal.Tissue	Retina_Fetal.Tissue	Retina_Stem.Cell.Line
SRS897006	SRR1956819	n	Retina_Fetal.Tissue	Retina_Fetal.Tissue	Retina_Stem.Cell.Line
SRS897010	SRR1956817	n	Retina_Fetal.Tissue	Retina_Fetal.Tissue	Retina_Stem.Cell.Line
SRS897011	SRR1956814	n	Retina_Fetal.Tissue	Retina_Fetal.Tissue	Retina_Stem.Cell.Line
SRS897012	SRR1956813	n	Retina_Fetal.Tissue	Retina_Fetal.Tissue	Retina_Stem.Cell.Line
SRS897008	SRR1956816	n	Retina_Fetal.Tissue	Retina_Fetal.Tissue	Retina_Stem.Cell.Line
SRS1837416	SRR5077525	n	Retina_Fetal.Tissue	Retina_Fetal.Tissue	Retina_Stem.Cell.Line
SRS2511376	SRR6032665	y	Retina_Fetal.Tissue	Retina_Fetal.Tissue	Retina_Stem.Cell.Line
SRS2511377	SRR6032666	y	Retina_Fetal.Tissue	Retina_Fetal.Tissue	Retina_Stem.Cell.Line
SRS2511378	SRR6032667	y	Retina_Fetal.Tissue	Retina_Fetal.Tissue	Retina_Stem.Cell.Line
SRS2511379	SRR6032668	y	Retina_Fetal.Tissue	Retina_Fetal.Tissue	Retina_Stem.Cell.Line
SRS2511380	SRR6032669	y	Retina_Fetal.Tissue	Retina_Fetal.Tissue	Retina_Stem.Cell.Line
SRS2511382	SRR6032671	y	Retina_Fetal.Tissue	Retina_Fetal.Tissue	Retina_Stem.Cell.Line
SRS2582171	SRR6158807	y	Retina_Fetal.Tissue	Retina_Fetal.Tissue	Retina_Fetal.Tissue
SRS2582155	SRR6158812	y	Retina_Fetal.Tissue	Retina_Fetal.Tissue	Retina_Fetal.Tissue
SRS2582163	SRR6158820	y	Retina_Fetal.Tissue	Retina_Fetal.Tissue	Retina_Fetal.Tissue
SRS2582153	SRR6158810	y	Retina_Fetal.Tissue	Retina_Fetal.Tissue	Retina_Fetal.Tissue
SRS2582149	SRR6158805	y	Retina_Fetal.Tissue	Retina_Fetal.Tissue	Retina_Fetal.Tissue
SRS2582161	SRR6158818	y	Retina_Fetal.Tissue	Retina_Fetal.Tissue	Retina_Fetal.Tissue
SRS2582156	SRR6158813	y	Retina_Fetal.Tissue	Retina_Fetal.Tissue	Retina_Fetal.Tissue
SRS2582162	SRR6158819	y	Retina_Fetal.Tissue	Retina_Fetal.Tissue	Retina_Fetal.Tissue
SRS2582160	SRR6158817	y	Retina_Fetal.Tissue	Retina_Fetal.Tissue	Retina_Fetal.Tissue
SRS2582158	SRR6158815	y	Retina_Fetal.Tissue	Retina_Fetal.Tissue	Retina_Fetal.Tissue
SRS2582147	SRR6158803	y	Retina_Fetal.Tissue	Retina_Fetal.Tissue	Retina_Fetal.Tissue
SRS2582154	SRR6158811	y	Retina_Fetal.Tissue	Retina_Fetal.Tissue	Retina_Fetal.Tissue
SRS2582170	SRR6158827	y	Retina_Fetal.Tissue	Retina_Fetal.Tissue	Retina_Fetal.Tissue
SRS2582169	SRR6158826	y	Retina_Fetal.Tissue	Retina_Fetal.Tissue	Retina_Fetal.Tissue
SRS2582157	SRR6158814	y	Retina_Fetal.Tissue	Retina_Fetal.Tissue	Retina_Fetal.Tissue
SRS2582151	SRR6158808	y	Retina_Fetal.Tissue	Retina_Fetal.Tissue	Retina_Fetal.Tissue
SRS2582164	SRR6158821	y	Retina_Fetal.Tissue	Retina_Fetal.Tissue	Retina_Fetal.Tissue
SRS2582165	SRR6158822	y	Retina_Fetal.Tissue	Retina_Fetal.Tissue	Retina_Fetal.Tissue
SRS2582159	SRR6158816	y	Retina_Fetal.Tissue	Retina_Fetal.Tissue	Retina_Fetal.Tissue
SRS2582166	SRR6158823	y	Retina_Fetal.Tissue	Retina_Fetal.Tissue	Retina_Fetal.Tissue
SRS2582168	SRR6158825	y	Retina_Fetal.Tissue	Retina_Fetal.Tissue	Retina_Fetal.Tissue
SRS2582167	SRR6158824	y	Retina_Fetal.Tissue	Retina_Fetal.Tissue	Retina_Fetal.Tissue
SRS2582148	SRR6158804	y	Retina_Fetal.Tissue	Retina_Fetal.Tissue	Retina_Fetal.Tissue
SRS2582152	SRR6158809	y	Retina_Fetal.Tissue	Retina_Fetal.Tissue	Retina_Fetal.Tissue
SRS2582150	SRR6158806	y	Retina_Fetal.Tissue	Retina_Fetal.Tissue	Retina_Fetal.Tissue
SRS3729711	SRR7773397	n	Retina_Fetal.Tissue	Retina_Fetal.Tissue	Retina_Organoid
SRS3729712	SRR7773398	n	Retina_Fetal.Tissue	Retina_Fetal.Tissue	Retina_Organoid
SRS3729713	SRR7773399	n	Retina_Fetal.Tissue	Retina_Fetal.Tissue	Retina_Organoid
SRS3729714	SRR7773400	n	Retina_Fetal.Tissue	Retina_Fetal.Tissue	Retina_Organoid
SRS3729715	SRR7773401	n	Retina_Fetal.Tissue	Retina_Fetal.Tissue	Retina_Organoid
SRS3729716	SRR7773402	n	Retina_Fetal.Tissue	Retina_Fetal.Tissue	Retina_Organoid
SRS3729717	SRR7773403	n	Retina_Fetal.Tissue	Retina_Fetal.Tissue	Retina_Organoid
SRS3729718	SRR7773404	n	Retina_Fetal.Tissue	Retina_Fetal.Tissue	Retina_Organoid
SRS3729719	SRR7773405	n	Retina_Fetal.Tissue	Retina_Fetal.Tissue	Retina_Organoid
SRS3729720	SRR7773406	n	Retina_Fetal.Tissue	Retina_Fetal.Tissue	Retina_Organoid
SRS3729721	SRR7773407	n	Retina_Fetal.Tissue	Retina_Fetal.Tissue	Retina_Organoid
SRS3729722	SRR7773408	n	Retina_Fetal.Tissue	Retina_Fetal.Tissue	Retina_Organoid
SRS3729723	SRR7773409	n	Retina_Fetal.Tissue	Retina_Fetal.Tissue	Retina_Organoid
SRS3729724	SRR7773410	n	Retina_Fetal.Tissue	Retina_Fetal.Tissue	Retina_Organoid
SRS3729725	SRR7773411	n	Retina_Fetal.Tissue	Retina_Fetal.Tissue	Retina_Organoid
SRS3729726	SRR7773412	n	Retina_Fetal.Tissue	Retina_Fetal.Tissue	Retina_Organoid
SRS3729727	SRR7773413	n	Retina_Fetal.Tissue	Retina_Fetal.Tissue	Retina_Organoid
SRS3729728	SRR7773414	n	Retina_Fetal.Tissue	Retina_Fetal.Tissue	Retina_Organoid
SRS3729729	SRR7773415	n	Retina_Fetal.Tissue	Retina_Fetal.Tissue	Retina_Organoid
SRS3729730	SRR7773416	n	Retina_Fetal.Tissue	Retina_Fetal.Tissue	Retina_Organoid
SRS3729731	SRR7773417	n	Retina_Fetal.Tissue	Retina_Fetal.Tissue	Retina_Organoid
SRS3729732	SRR7773418	n	Retina_Fetal.Tissue	Retina_Fetal.Tissue	Retina_Organoid
SRS3729733	SRR7773419	n	Retina_Fetal.Tissue	Retina_Fetal.Tissue	Retina_Organoid
SRS3729734	SRR7773420	n	Retina_Fetal.Tissue	Retina_Fetal.Tissue	Retina_Organoid
SRS3729735	SRR7773421	n	Retina_Fetal.Tissue	Retina_Fetal.Tissue	Retina_Organoid
SRS3729736	SRR7773422	n	Retina_Fetal.Tissue	Retina_Fetal.Tissue	Retina_Organoid
SRS3729737	SRR7773423	n	Retina_Fetal.Tissue	Retina_Fetal.Tissue	Retina_Organoid
SRS3729738	SRR7773424	n	Retina_Fetal.Tissue	Retina_Fetal.Tissue	Retina_Organoid
SRS3729739	SRR7773425	n	Retina_Fetal.Tissue	Retina_Fetal.Tissue	Retina_Organoid
SRS3729740	SRR7773426	n	Retina_Fetal.Tissue	Retina_Fetal.Tissue	Retina_Organoid
SRS3729741	SRR7773427	n	Retina_Fetal.Tissue	Retina_Fetal.Tissue	Retina_Organoid
SRS1597857	SRR3994674	y	RPE_Adult.Tissue	RPE_Adult.Tissue	old
SRS1597858	SRR3994675	y	RPE_Adult.Tissue	RPE_Adult.Tissue	old
SRS1597859	SRR3994676	y	RPE_Adult.Tissue	RPE_Adult.Tissue	old
SRS1597863	SRR3994680	y	RPE_Adult.Tissue	RPE_Adult.Tissue	old
SRS1597864	SRR3994681	y	RPE_Adult.Tissue	RPE_Adult.Tissue	old
SRS1597865	SRR3994682	y	RPE_Adult.Tissue	RPE_Adult.Tissue	old
SRS1597869	SRR3994686	y	RPE_Adult.Tissue	RPE_Adult.Tissue	old
SRS1597870	SRR3994687	y	RPE_Adult.Tissue	RPE_Adult.Tissue	old
SRS1597871	SRR3994688	y	RPE_Adult.Tissue	RPE_Adult.Tissue	old
SRS1597875	SRR3994692	y	RPE_Adult.Tissue	RPE_Adult.Tissue	old
SRS1597876	SRR3994693	y	RPE_Adult.Tissue	RPE_Adult.Tissue	old
SRS1597877	SRR3994694	y	RPE_Adult.Tissue	RPE_Adult.Tissue	old
SRS523802	SRR1067934	y	RPE_Adult.Tissue	RPE_Adult.Tissue	old
SRS523804	SRR1067937	y	RPE_Adult.Tissue	RPE_Adult.Tissue	old
SRS523818	SRR1067951	y	RPE_Adult.Tissue	RPE_Adult.Tissue	old
SRS523835	SRR1067973	y	RPE_Adult.Tissue	RPE_Adult.Tissue	old
SRS523847	SRR1067983	y	RPE_Adult.Tissue	RPE_Adult.Tissue	old
SRS523856	SRR1067989	y	RPE_Adult.Tissue	RPE_Adult.Tissue	old
SRS523860	SRR1067993	y	RPE_Adult.Tissue	RPE_Adult.Tissue	old
SRS523900	SRR1067999	y	RPE_Adult.Tissue	RPE_Adult.Tissue	old
SRS523902	SRR1068136	y	RPE_Adult.Tissue	RPE_Adult.Tissue	old
SRS523853	SRR1067987	y	RPE_Adult.Tissue	RPE_Adult.Tissue	old
SRS523849	SRR1067985	y	RPE_Adult.Tissue	RPE_Adult.Tissue	old
SRS523798	SRR1067930	y	RPE_Adult.Tissue	RPE_Adult.Tissue	old
SRS523811	SRR1067943	y	RPE_Adult.Tissue	RPE_Adult.Tissue	old
SRS523840	SRR1067977	y	RPE_Adult.Tissue	RPE_Adult.Tissue	old
SRS523813	SRR1067946	y	RPE_Adult.Tissue	RPE_Adult.Tissue	old
SRS523807	SRR1067940	y	RPE_Adult.Tissue	RPE_Adult.Tissue	old
SRS1955510	SRR5225792	y	RPE_Adult.Tissue	RPE_Adult.Tissue	old
SRS1955508	SRR5225790	y	RPE_Adult.Tissue	RPE_Adult.Tissue	old
SRS1955506	SRR5225788	y	RPE_Adult.Tissue	RPE_Adult.Tissue	old
SRS1955504	SRR5225786	y	RPE_Adult.Tissue	RPE_Adult.Tissue	old
SRS1955502	SRR5225784	y	RPE_Adult.Tissue	RPE_Adult.Tissue	old
SRS1955500	SRR5225782	y	RPE_Adult.Tissue	RPE_Adult.Tissue	old
SRS1955498	SRR5225780	y	RPE_Adult.Tissue	RPE_Adult.Tissue	old
SRS1955496	SRR5225778	y	RPE_Adult.Tissue	RPE_Adult.Tissue	old
SRS1955494	SRR5225776	y	RPE_Adult.Tissue	RPE_Adult.Tissue	old
SRS1955492	SRR5225774	y	RPE_Adult.Tissue	RPE_Adult.Tissue	old
SRS1955490	SRR5225772	y	RPE_Adult.Tissue	RPE_Adult.Tissue	old
SRS1955489	SRR5225770	y	RPE_Adult.Tissue	RPE_Adult.Tissue	old
SRS1955486	SRR5225768	y	RPE_Adult.Tissue	RPE_Adult.Tissue	old
SRS1955485	SRR5225766	y	RPE_Adult.Tissue	RPE_Adult.Tissue	old
SRS1955482	SRR5225764	y	RPE_Adult.Tissue	RPE_Adult.Tissue	old
SRS1955481	SRR5225762	y	RPE_Adult.Tissue	RPE_Adult.Tissue	old
SRS2445756	SRR5952202	n	RPE_Adult.Tissue	RPE_Adult.Tissue	old
SRS2445757	SRR5952203	n	RPE_Adult.Tissue	RPE_Adult.Tissue	old
SRS2445758	SRR5952204	n	RPE_Adult.Tissue	RPE_Adult.Tissue	old
SRS2445759	SRR5952205	n	RPE_Adult.Tissue	RPE_Adult.Tissue	old
SRS1054266	SRR2166265	n	RPE_Fetal.Tissue	RPE_Fetal.Tissue	RPE_Stem.Cell.Line
SRS1054267	SRR2166368	n	RPE_Fetal.Tissue	RPE_Fetal.Tissue	RPE_Stem.Cell.Line
SRS1054268	SRR2166367	n	RPE_Fetal.Tissue	RPE_Fetal.Tissue	RPE_Stem.Cell.Line
SRS1054269	SRR2142347	n	RPE_Fetal.Tissue	RPE_Fetal.Tissue	RPE_Stem.Cell.Line
SRS302236	SRR447137	n	RPE_Fetal.Tissue	RPE_Fetal.Tissue	RPE_Fetal.Tissue
SRS302237	SRR447138	n	RPE_Fetal.Tissue	RPE_Fetal.Tissue	RPE_Fetal.Tissue
SRS302238	SRR447139	n	RPE_Fetal.Tissue	RPE_Fetal.Tissue	RPE_Stem.Cell.Line
SRS302239	SRR447140	n	RPE_Fetal.Tissue	RPE_Fetal.Tissue	RPE_Stem.Cell.Line
SRS302240	SRR447141	n	RPE_Fetal.Tissue	RPE_Fetal.Tissue	RPE_Stem.Cell.Line
SRS302241	SRR447142	n	RPE_Fetal.Tissue	RPE_Fetal.Tissue	RPE_Stem.Cell.Line
SRS302242	SRR447143	n	RPE_Fetal.Tissue	RPE_Fetal.Tissue	RPE_Stem.Cell.Line
SRS302243	SRR447144	n	RPE_Fetal.Tissue	RPE_Fetal.Tissue	RPE_Stem.Cell.Line
SRS402526	SRR786439	n	RPE_Fetal.Tissue	RPE_Fetal.Tissue	RPE_Fetal.Tissue
SRS402527	SRR786440	n	RPE_Fetal.Tissue	RPE_Fetal.Tissue	RPE_Stem.Cell.Line
SRS402528	SRR786441	n	RPE_Fetal.Tissue	RPE_Fetal.Tissue	RPE_Stem.Cell.Line
SRS402529	SRR786442	n	RPE_Fetal.Tissue	RPE_Fetal.Tissue	RPE_Stem.Cell.Line
SRS912576	SRR1979203	n	RPE_Fetal.Tissue	RPE_Fetal.Tissue	RPE_Fetal.Tissue
SRS912577	SRR1979202	n	RPE_Fetal.Tissue	RPE_Fetal.Tissue	RPE_Fetal.Tissue
SRS1837418	SRR5077527	n	RPE_Fetal.Tissue	RPE_Fetal.Tissue	RPE_Stem.Cell.Line
SRS2305607	SRR5740338	y	RPE_Fetal.Tissue	RPE_Fetal.Tissue	RPE_Fetal.Tissue
SRS2305609	SRR5740337	y	RPE_Fetal.Tissue	RPE_Fetal.Tissue	RPE_Stem.Cell.Line
HM7FMBBXX_16496358_S54	.	y	RPE_Fetal.Tissue	RPE_Fetal.Tissue	RPE_Stem.Cell.Line
HM7FMBBXX_16496360_S56	.	y	RPE_Fetal.Tissue	RPE_Fetal.Tissue	RPE_Stem.Cell.Line
HM7FMBBXX_16496356_S52	.	y	RPE_Fetal.Tissue	RPE_Fetal.Tissue	RPE_Stem.Cell.Line
HM7HWBBXX_16424741_S52	.	y	RPE_Fetal.Tissue	RPE_Fetal.Tissue	RPE_Stem.Cell.Line
HM7MVBBXX_16424741_S63	.	y	RPE_Fetal.Tissue	RPE_Fetal.Tissue	RPE_Stem.Cell.Line
HM7FMBBXX_16424741_S61	.	y	RPE_Fetal.Tissue	RPE_Fetal.Tissue	RPE_Stem.Cell.Line
HM7HWBBXX_16424750_S61	.	y	RPE_Fetal.Tissue	RPE_Fetal.Tissue	RPE_Stem.Cell.Line
HM7FMBBXX_16424750_S70	.	y	RPE_Fetal.Tissue	RPE_Fetal.Tissue	RPE_Stem.Cell.Line
HM7MVBBXX_16424750_S72	.	y	RPE_Fetal.Tissue	RPE_Fetal.Tissue	RPE_Stem.Cell.Line
SRS369431	SRR592745	n	Cornea_Adult.Tissue	Cornea_Adult.Tissue	old
SRS369432	SRR592746	n	Cornea_Adult.Tissue	Cornea_Adult.Tissue	old
SRS369433	SRR592747	n	Cornea_Adult.Tissue	Cornea_Adult.Tissue	old
SRS846893	SRR1806592	n	Cornea_Adult.Tissue	Cornea_Adult.Tissue	old
SRS846896	SRR1806589	n	Cornea_Adult.Tissue	Cornea_Adult.Tissue	old
SRS846897	SRR1806588	n	Cornea_Adult.Tissue	Cornea_Adult.Tissue	old
SRS846898	SRR1806587	n	Cornea_Adult.Tissue	Cornea_Adult.Tissue	old
SRS846899	SRR1806590	n	Cornea_Adult.Tissue	Cornea_Adult.Tissue	old
SRS1305240	SRR3170206	y	Cornea_Adult.Tissue	Cornea_Adult.Tissue	old
SRS1305241	SRR3170205	y	Cornea_Adult.Tissue	Cornea_Adult.Tissue	old
SRS1305245	SRR3170201	y	Cornea_Adult.Tissue	Cornea_Adult.Tissue	old
SRS1305247	SRR3170196,SRR3170195,SRR3170197	y	Cornea_Adult.Tissue	Cornea_Adult.Tissue	old
SRS1305248	SRR3170194,SRR3170192,SRR3170193	y	Cornea_Adult.Tissue	Cornea_Adult.Tissue	old
SRS1305249	SRR3170191	y	Cornea_Adult.Tissue	Cornea_Adult.Tissue	old
SRS1305250	SRR3170186,SRR3170184,SRR3170185,SRR3170183	y	Cornea_Adult.Tissue	Cornea_Adult.Tissue	old
SRS1305251	SRR3170188,SRR3170190,SRR3170189,SRR3170187	y	Cornea_Adult.Tissue	Cornea_Adult.Tissue	old
SRS1305252	SRR3170182	y	Cornea_Adult.Tissue	Cornea_Adult.Tissue	old
SRS1305253	SRR3170181	y	Cornea_Adult.Tissue	Cornea_Adult.Tissue	old
SRS1305255	SRR3170179	y	Cornea_Adult.Tissue	Cornea_Adult.Tissue	old
SRS1305256	SRR3170178	y	Cornea_Adult.Tissue	Cornea_Adult.Tissue	old
SRS1478833	SRR3619906	n	Cornea_Adult.Tissue	Cornea_Adult.Tissue	old
SRS1478835	SRR3619907	n	Cornea_Adult.Tissue	Cornea_Adult.Tissue	old
SRS1817764	SRR5052462	n	Cornea_Adult.Tissue	Cornea_Adult.Tissue	old
SRS1817763	SRR5052461	n	Cornea_Adult.Tissue	Cornea_Adult.Tissue	old
SRS1817754	SRR5052452	n	Cornea_Adult.Tissue	Cornea_Adult.Tissue	old
SRS1817753	SRR5052451	n	Cornea_Adult.Tissue	Cornea_Adult.Tissue	old
SRS1817752	SRR5052450	n	Cornea_Adult.Tissue	Cornea_Adult.Tissue	old
SRS369434	SRR592748	n	Cornea_Fetal.Tissue	Cornea_Fetal.Tissue	Cornea_Fetal.Tissue
SRS369435	SRR592749	n	Cornea_Fetal.Tissue	Cornea_Fetal.Tissue	Cornea_Fetal.Tissue
SRS1478834	SRR3619908	n	Cornea_Fetal.Tissue	Cornea_Fetal.Tissue	Cornea_Stem.Cell.Line
SRS1478838	SRR3619909	n	Cornea_Fetal.Tissue	Cornea_Fetal.Tissue	Cornea_Stem.Cell.Line
SRS1478836	SRR3619910	n	Cornea_Fetal.Tissue	Cornea_Fetal.Tissue	Cornea_Stem.Cell.Line
SRS1478837	SRR3619911	n	Cornea_Fetal.Tissue	Cornea_Fetal.Tissue	Cornea_Stem.Cell.Line
SRS2563735	SRR6130358	n	Lens_Stem.Cell.Line	Lens_Stem.Cell.Line	Lens
SRS2563736	SRR6130515	n	Lens_Stem.Cell.Line	Lens_Stem.Cell.Line	Lens
SRS2563737	SRR6130516	y	Lens_Stem.Cell.Line	Lens_Stem.Cell.Line	Lens
SRS2563738	SRR6130517	y	Lens_Stem.Cell.Line	Lens_Stem.Cell.Line	Lens
SRS2563739	SRR6130689	y	Lens_Stem.Cell.Line	Lens_Stem.Cell.Line	Lens
SRS2563740	SRR6130690	y	Lens_Stem.Cell.Line	Lens_Stem.Cell.Line	Lens
SRS1036274	SRR2166708	y	Pancreas	Pancreas	Pancreas
SRS1572423	SRR3933199	y	ESC_StemCellLine	ESC_StemCellLine	ESC
SRS1572425	SRR3933201	y	ESC_StemCellLine	ESC_StemCellLine	ESC
SRS1572427	SRR3933203	y	ESC_StemCellLine	ESC_StemCellLine	ESC
SRS332930	SRR598124	y	Brain-Amygdala	Brain-Amygdala	Brain
SRS332942	SRR600445	y	Brain-Amygdala	Brain-Amygdala	Brain
SRS332955	SRR598253	y	Brain-Nucleusaccumbens-basalganglia-	Brain-Nucleusaccumbens-basalganglia-	Brain
SRS332962	SRR598894	n	Brain-Putamen-basalganglia-	Brain-Putamen-basalganglia-	Brain
SRS332997	SRR602540	y	Brain-Putamen-basalganglia-	Brain-Putamen-basalganglia-	Brain
SRS333022	SRR608002	y	Brain-Anteriorcingulatecortex-BA24-	Brain-Anteriorcingulatecortex-BA24-	Brain
SRS333027	SRR603092	y	Lung	Lung	Lung
SRS333038	SRR598220	y	WholeBlood	WholeBlood	Blood
SRS333043	SRR600361	y	Brain-FrontalCortex-BA9-	Brain-FrontalCortex-BA9-	Brain
SRS333045	SRR604098	y	Brain-CerebellarHemisphere	Brain-CerebellarHemisphere	Brain
SRS333055	SRR597927	y	Brain-Nucleusaccumbens-basalganglia-	Brain-Nucleusaccumbens-basalganglia-	Brain
SRS333059	SRR601755	y	Brain-Anteriorcingulatecortex-BA24-	Brain-Anteriorcingulatecortex-BA24-	Brain
SRS333121	SRR599225	y	Brain-CerebellarHemisphere	Brain-CerebellarHemisphere	Brain
SRS333123	SRR602365	y	Brain-Anteriorcingulatecortex-BA24-	Brain-Anteriorcingulatecortex-BA24-	Brain
SRS333162	SRR604074	y	Brain-Substantianigra	Brain-Substantianigra	Brain
SRS333191	SRR607647	n	Brain-Caudate-basalganglia-	Brain-Caudate-basalganglia-	Brain
SRS333207	SRR600385	y	Brain-Anteriorcingulatecortex-BA24-	Brain-Anteriorcingulatecortex-BA24-	Brain
SRS333243	SRR607445	y	Brain-Amygdala	Brain-Amygdala	Brain
SRS333277	SRR608718	y	Brain-CerebellarHemisphere	Brain-CerebellarHemisphere	Brain
SRS333278	SRR598148	y	Heart-LeftVentricle	Heart-LeftVentricle	Heart
SRS333307	SRR600560	y	Brain-Nucleusaccumbens-basalganglia-	Brain-Nucleusaccumbens-basalganglia-	Brain
SRS333310	SRR601900	y	Lung	Lung	Lung
SRS333314	SRR598645	y	Thyroid	Thyroid	Thyroid
SRS333328	SRR600632	y	Lung	Lung	Lung
SRS333356	SRR607313	y	Heart-LeftVentricle	Heart-LeftVentricle	Heart
SRS333380	SRR599448	y	Brain-Amygdala	Brain-Amygdala	Brain
SRS333383	SRR608694	y	Skin-SunExposed-Lowerleg-	Skin-SunExposed-Lowerleg-	Skin
SRS333405	SRR603596	y	Brain-CerebellarHemisphere	Brain-CerebellarHemisphere	Brain
SRS333427	SRR604050	y	Brain-Substantianigra	Brain-Substantianigra	Brain
SRS333429	SRR598196	y	Brain-Nucleusaccumbens-basalganglia-	Brain-Nucleusaccumbens-basalganglia-	Brain
SRS333472	SRR600348	y	Brain-Nucleusaccumbens-basalganglia-	Brain-Nucleusaccumbens-basalganglia-	Brain
SRS333537	SRR600981	y	Muscle-Skeletal	Muscle-Skeletal	Muscle
SRS333541	SRR599486	y	Brain-Substantianigra	Brain-Substantianigra	Brain
SRS333545	SRR602193	y	Brain-Hypothalamus	Brain-Hypothalamus	Brain
SRS333555	SRR603834	y	Thyroid	Thyroid	Thyroid
SRS333557	SRR598009	y	Brain-Cerebellum	Brain-Cerebellum	Brain
SRS333572	SRR603918	y	Heart-LeftVentricle	Heart-LeftVentricle	Heart
SRS333574	SRR603800	y	Lung	Lung	Lung
SRS333577	SRR601287	y	Brain-Putamen-basalganglia-	Brain-Putamen-basalganglia-	Brain
SRS333602	SRR598589	y	Heart-LeftVentricle	Heart-LeftVentricle	Heart
SRS333604	SRR608174	y	Brain-Caudate-basalganglia-	Brain-Caudate-basalganglia-	Brain
SRS333625	SRR604528	y	Brain-Amygdala	Brain-Amygdala	Brain
SRS333631	SRR602034	y	WholeBlood	WholeBlood	Blood
SRS333638	SRR602492	y	Lung	Lung	Lung
SRS374701	SRR612311	y	Brain-Spinalcord-cervicalc-1-	Brain-Spinalcord-cervicalc-1-	Brain
SRS374709	SRR612551	y	Artery-Tibial	Artery-Tibial	Blood.Vessel
SRS374712	SRR612455	y	Brain-Substantianigra	Brain-Substantianigra	Brain
SRS374714	SRR612299	y	Artery-Tibial	Artery-Tibial	Blood.Vessel
SRS374715	SRR612380	y	Brain-Caudate-basalganglia-	Brain-Caudate-basalganglia-	Brain
SRS374717	SRR612443	y	Brain-Spinalcord-cervicalc-1-	Brain-Spinalcord-cervicalc-1-	Brain
SRS374725	SRR612395	y	Muscle-Skeletal	Muscle-Skeletal	Muscle
SRS374728	SRR615467	y	Brain-Substantianigra	Brain-Substantianigra	Brain
SRS374729	SRR615802	y	Skin-SunExposed-Lowerleg-	Skin-SunExposed-Lowerleg-	Skin
SRS374741	SRR617841	y	Adipose-Subcutaneous	Adipose-Subcutaneous	Adipose.Tissue
SRS374744	SRR613927	y	Adipose-Subcutaneous	Adipose-Subcutaneous	Adipose.Tissue
SRS374749	SRR612695	y	Muscle-Skeletal	Muscle-Skeletal	Muscle
SRS374768	SRR613090	y	Brain-Caudate-basalganglia-	Brain-Caudate-basalganglia-	Brain
SRS374769	SRR612839	y	Muscle-Skeletal	Muscle-Skeletal	Muscle
SRS374772	SRR613006	y	Artery-Tibial	Artery-Tibial	Blood.Vessel
SRS374777	SRR612899	y	Brain-Caudate-basalganglia-	Brain-Caudate-basalganglia-	Brain
SRS374785	SRR612935	y	Adipose-Subcutaneous	Adipose-Subcutaneous	Adipose.Tissue
SRS374790	SRR612971	y	Artery-Tibial	Artery-Tibial	Blood.Vessel
SRS374903	SRR613843	y	Artery-Tibial	Artery-Tibial	Blood.Vessel
SRS374906	SRR613747	y	Brain-Cerebellum	Brain-Cerebellum	Brain
SRS374907	SRR614310	y	Brain-Cortex	Brain-Cortex	Brain
SRS374908	SRR613759	y	Heart-LeftVentricle	Heart-LeftVentricle	Heart
SRS374910	SRR613771	y	Nerve-Tibial	Nerve-Tibial	Nerve
SRS374951	SRR614563	y	Brain-Amygdala	Brain-Amygdala	Brain
SRS374971	SRR615934	y	Brain-Substantianigra	Brain-Substantianigra	Brain
SRS375002	SRR615056	y	Artery-Tibial	Artery-Tibial	Blood.Vessel
SRS389017	SRR654921	y	WholeBlood	WholeBlood	Blood
SRS389022	SRR654993	y	Nerve-Tibial	Nerve-Tibial	Nerve
SRS389040	SRR657683	y	Brain-Anteriorcingulatecortex-BA24-	Brain-Anteriorcingulatecortex-BA24-	Brain
SRS389062	SRR655864	y	Brain-Cerebellum	Brain-Cerebellum	Brain
SRS389103	SRR658307	y	Brain-FrontalCortex-BA9-	Brain-FrontalCortex-BA9-	Brain
SRS389115	SRR658409	y	Breast-MammaryTissue	Breast-MammaryTissue	Breast
SRS389134	SRR656288	y	Heart-LeftVentricle	Heart-LeftVentricle	Heart
SRS389359	SRR657115	y	WholeBlood	WholeBlood	Blood
SRS389517	SRR657492	y	Heart-LeftVentricle	Heart-LeftVentricle	Heart
SRS389523	SRR657420	y	Thyroid	Thyroid	Thyroid
SRS389539	SRR657973	y	Brain-Substantianigra	Brain-Substantianigra	Brain
SRS389544	SRR657635	y	Brain-FrontalCortex-BA9-	Brain-FrontalCortex-BA9-	Brain
SRS389596	SRR659602	y	Brain-Anteriorcingulatecortex-BA24-	Brain-Anteriorcingulatecortex-BA24-	Brain
SRS389611	SRR658921	y	Artery-Tibial	Artery-Tibial	Blood.Vessel
SRS389616	SRR659013	y	Brain-Hypothalamus	Brain-Hypothalamus	Brain
SRS389618	SRR658873	y	Skin-SunExposed-Lowerleg-	Skin-SunExposed-Lowerleg-	Skin
SRS389646	SRR659484	y	Brain-Putamen-basalganglia-	Brain-Putamen-basalganglia-	Brain
SRS389735	SRR660295	y	Cells-EBV-transformedlymphocytes	Cells-EBV-transformedlymphocytes	Blood
SRS389760	SRR660638	y	Brain-Substantianigra	Brain-Substantianigra	Brain
SRS389773	SRR665670	y	Brain-Substantianigra	Brain-Substantianigra	Brain
SRS389787	SRR660945	y	Brain-Anteriorcingulatecortex-BA24-	Brain-Anteriorcingulatecortex-BA24-	Brain
SRS389800	SRR661349	y	Brain-FrontalCortex-BA9-	Brain-FrontalCortex-BA9-	Brain
SRS389822	SRR661229	y	Heart-LeftVentricle	Heart-LeftVentricle	Heart
SRS389852	SRR661216	y	Nerve-Tibial	Nerve-Tibial	Nerve
SRS389880	SRR662546	y	Brain-Nucleusaccumbens-basalganglia-	Brain-Nucleusaccumbens-basalganglia-	Brain
SRS389889	SRR661675	y	Muscle-Skeletal	Muscle-Skeletal	Muscle
SRS389893	SRR661723	y	Brain-Spinalcord-cervicalc-1-	Brain-Spinalcord-cervicalc-1-	Brain
SRS389904	SRR662966	y	Lung	Lung	Lung
SRS389922	SRR661925	y	Brain-Substantianigra	Brain-Substantianigra	Brain
SRS389933	SRR662091	y	Brain-Anteriorcingulatecortex-BA24-	Brain-Anteriorcingulatecortex-BA24-	Brain
SRS389939	SRR662174	y	Cells-EBV-transformedlymphocytes	Cells-EBV-transformedlymphocytes	Blood
SRS389975	SRR662725	y	Brain-Caudate-basalganglia-	Brain-Caudate-basalganglia-	Brain
SRS390015	SRR664854	y	Brain-Cortex	Brain-Cortex	Brain
SRS390022	SRR664935	y	Skin-SunExposed-Lowerleg-	Skin-SunExposed-Lowerleg-	Skin
SRS408134	SRR808130	y	Pituitary	Pituitary	Pituitary
SRS408172	SRR808590	y	Pancreas	Pancreas	Pancreas
SRS408198	SRR808968	y	Cells-EBV-transformedlymphocytes	Cells-EBV-transformedlymphocytes	Blood
SRS408235	SRR809444,SRR5125586,SRR5125587	y	Muscle-Skeletal	Muscle-Skeletal	Muscle
SRS408255	SRR809943	y	Kidney-Cortex	Kidney-Cortex	Kidney
SRS408257	SRR809987	y	Adipose-Visceral-Omentum-	Adipose-Visceral-Omentum-	Adipose.Tissue
SRS408281	SRR810319	y	Brain-Cortex	Brain-Cortex	Brain
SRS408302	SRR810805	y	Thyroid	Thyroid	Thyroid
SRS408319	SRR811193	y	Stomach	Stomach	Stomach
SRS408385	SRR812773	y	Muscle-Skeletal	Muscle-Skeletal	Muscle
SRS408421	SRR813868	y	Breast-MammaryTissue	Breast-MammaryTissue	Breast
SRS408436	SRR814108	y	Colon-Transverse	Colon-Transverse	Colon
SRS408452	SRR814341	y	Esophagus-Muscularis	Esophagus-Muscularis	Esophagus
SRS408455	SRR814407	y	AdrenalGland	AdrenalGland	Adrenal.Gland
SRS408473	SRR814768	y	Cells-EBV-transformedlymphocytes	Cells-EBV-transformedlymphocytes	Blood
SRS408497	SRR815092	y	Artery-Aorta	Artery-Aorta	Blood.Vessel
SRS408548	SRR815920,SRR5125539,SRR5125538	y	Pituitary	Pituitary	Pituitary
SRS408666	SRR817751	y	Brain-Hippocampus	Brain-Hippocampus	Brain
SRS408677	SRR817856,SRR5125535,SRR5125536	y	Brain-Hippocampus	Brain-Hippocampus	Brain
SRS408678	SRR817880	y	Brain-Spinalcord-cervicalc-1-	Brain-Spinalcord-cervicalc-1-	Brain
SRS408695	SRR818146,SRR5125352,SRR5125353	y	Brain-Putamen-basalganglia-	Brain-Putamen-basalganglia-	Brain
SRS408705	SRR818270	y	Brain-Hypothalamus	Brain-Hypothalamus	Brain
SRS408712	SRR818396	y	Brain-Caudate-basalganglia-	Brain-Caudate-basalganglia-	Brain
SRS408724	SRR818523	y	Colon-Transverse	Colon-Transverse	Colon
SRS408781	SRR819346	y	Brain-Amygdala	Brain-Amygdala	Brain
SRS408795	SRR819583	y	Artery-Coronary	Artery-Coronary	Blood.Vessel
SRS408811	SRR819820	y	Adipose-Subcutaneous	Adipose-Subcutaneous	Adipose.Tissue
SRS408820	SRR819975	y	Cells-EBV-transformedlymphocytes	Cells-EBV-transformedlymphocytes	Blood
SRS408837	SRR820256	y	Brain-Hypothalamus	Brain-Hypothalamus	Brain
SRS408851	SRR820468,SRR5125409,SRR5125410	y	Brain-Cerebellum	Brain-Cerebellum	Brain
SRS408873	SRR820810	y	Skin-NotSunExposed-Suprapubic-	Skin-NotSunExposed-Suprapubic-	Skin
SRS408915	SRR821468	y	Brain-CerebellarHemisphere	Brain-CerebellarHemisphere	Brain
SRS524280	SRR1070764	y	Pancreas	Pancreas	Pancreas
SRS524287	SRR1070913	y	AdrenalGland	AdrenalGland	Adrenal.Gland
SRS524324	SRR1071668	y	Liver	Liver	Liver
SRS524328	SRR1071761	y	Stomach	Stomach	Stomach
SRS524335	SRR1071931	y	WholeBlood	WholeBlood	Blood
SRS524387	SRR1073217	y	Colon-Transverse	Colon-Transverse	Colon
SRS524398	SRR1073459	y	Stomach	Stomach	Stomach
SRS524460	SRR1075004	y	Esophagus-Muscularis	Esophagus-Muscularis	Esophagus
SRS524467	SRR1075174	y	Pancreas	Pancreas	Pancreas
SRS524468	SRR1075198	y	Spleen	Spleen	Spleen
SRS524474	SRR1075336	y	Pancreas	Pancreas	Pancreas
SRS524477	SRR1075408	y	Cells-Transformedfibroblasts	Cells-Transformedfibroblasts	Skin
SRS524478	SRR1075433	y	Brain-Caudate-basalganglia-	Brain-Caudate-basalganglia-	Brain
SRS524479	SRR1075458	y	Esophagus-Mucosa	Esophagus-Mucosa	Esophagus
SRS524503	SRR1075729	y	Colon-Transverse	Colon-Transverse	Colon
SRS524504	SRR1075752	y	Cells-Transformedfibroblasts	Cells-Transformedfibroblasts	Skin
SRS524543	SRR1076657	y	Cells-Transformedfibroblasts	Cells-Transformedfibroblasts	Skin
SRS524554	SRR1076916	y	Artery-Coronary	Artery-Coronary	Blood.Vessel
SRS524577	SRR1077405	y	Brain-FrontalCortex-BA9-	Brain-FrontalCortex-BA9-	Brain
SRS524584	SRR1077575	y	Esophagus-Muscularis	Esophagus-Muscularis	Esophagus
SRS524589	SRR1077687	y	Brain-Amygdala	Brain-Amygdala	Brain
SRS524614	SRR1078258	y	Breast-MammaryTissue	Breast-MammaryTissue	Breast
SRS524627	SRR1078562	y	Esophagus-Muscularis	Esophagus-Muscularis	Esophagus
SRS524636	SRR1078783	y	Esophagus-Muscularis	Esophagus-Muscularis	Esophagus
SRS524653	SRR1079189	y	Artery-Coronary	Artery-Coronary	Blood.Vessel
SRS524666	SRR1079480	y	Esophagus-Muscularis	Esophagus-Muscularis	Esophagus
SRS524677	SRR1079730	y	Esophagus-Mucosa	Esophagus-Mucosa	Esophagus
SRS524679	SRR1079782	y	Spleen	Spleen	Spleen
SRS524688	SRR1079998	y	Artery-Aorta	Artery-Aorta	Blood.Vessel
SRS524696	SRR1080143	y	Esophagus-Mucosa	Esophagus-Mucosa	Esophagus
SRS524697	SRR1080172	y	Brain-Hypothalamus	Brain-Hypothalamus	Brain
SRS524701	SRR1080270	y	Adipose-Subcutaneous	Adipose-Subcutaneous	Adipose.Tissue
SRS524713	SRR1080560	y	Cells-Transformedfibroblasts	Cells-Transformedfibroblasts	Skin
SRS524723	SRR1080790	y	MinorSalivaryGland	MinorSalivaryGland	Salivary.Gland
SRS524725	SRR1080835	y	Brain-Hypothalamus	Brain-Hypothalamus	Brain
SRS524762	SRR1081712	y	WholeBlood	WholeBlood	Blood
SRS524804	SRR1082544	y	Pancreas	Pancreas	Pancreas
SRS524810	SRR1082685	y	Pituitary	Pituitary	Pituitary
SRS524829	SRR1083149	y	Stomach	Stomach	Stomach
SRS524836	SRR1083311	y	Adipose-Subcutaneous	Adipose-Subcutaneous	Adipose.Tissue
SRS524842	SRR1083456	y	Colon-Transverse	Colon-Transverse	Colon
SRS524843	SRR1083480	y	Esophagus-Mucosa	Esophagus-Mucosa	Esophagus
SRS524848	SRR1083604	y	Artery-Aorta	Artery-Aorta	Blood.Vessel
SRS524857	SRR1083824	y	AdrenalGland	AdrenalGland	Adrenal.Gland
SRS524861	SRR1083918	y	Adipose-Visceral-Omentum-	Adipose-Visceral-Omentum-	Adipose.Tissue
SRS524873	SRR1084204	y	Cells-Transformedfibroblasts	Cells-Transformedfibroblasts	Skin
SRS524893	SRR1084674	y	Breast-MammaryTissue	Breast-MammaryTissue	Breast
SRS524894	SRR1084698	y	Esophagus-Muscularis	Esophagus-Muscularis	Esophagus
SRS524900	SRR1084842	y	Brain-FrontalCortex-BA9-	Brain-FrontalCortex-BA9-	Brain
SRS524910	SRR1085087	y	Spleen	Spleen	Spleen
SRS524916	SRR1085235	y	Colon-Transverse	Colon-Transverse	Colon
SRS524938	SRR1085759	y	Kidney-Cortex	Kidney-Cortex	Kidney
SRS524944	SRR1085900	y	Esophagus-GastroesophagealJunction	Esophagus-GastroesophagealJunction	Esophagus
SRS524962	SRR1086304	y	Heart-LeftVentricle	Heart-LeftVentricle	Heart
SRS524970	SRR1086490	y	Esophagus-Muscularis	Esophagus-Muscularis	Esophagus
SRS524979	SRR1086702	y	Esophagus-Muscularis	Esophagus-Muscularis	Esophagus
SRS524981	SRR1086752	y	Esophagus-Muscularis	Esophagus-Muscularis	Esophagus
SRS524992	SRR1087007	y	Liver	Liver	Liver
SRS525023	SRR1087752	y	Colon-Transverse	Colon-Transverse	Colon
SRS525027	SRR1087850	y	Skin-SunExposed-Lowerleg-	Skin-SunExposed-Lowerleg-	Skin
SRS525085	SRR1088365	y	AdrenalGland	AdrenalGland	Adrenal.Gland
SRS525086	SRR1088389	y	Brain-Hippocampus	Brain-Hippocampus	Brain
SRS525095	SRR1088606	y	Artery-Coronary	Artery-Coronary	Blood.Vessel
SRS525133	SRR1089230	y	Spleen	Spleen	Spleen
SRS525164	SRR1089595	y	Cells-Transformedfibroblasts	Cells-Transformedfibroblasts	Skin
SRS525189	SRR1090022	y	SmallIntestine-TerminalIleum	SmallIntestine-TerminalIleum	Small.Intestine
SRS525216	SRR1090674	y	Breast-MammaryTissue	Breast-MammaryTissue	Breast
SRS525236	SRR1090984	y	Spleen	Spleen	Spleen
SRS525257	SRR1091144	y	Pancreas	Pancreas	Pancreas
SRS525275	SRR1091500	y	Spleen	Spleen	Spleen
SRS525281	SRR1091622	y	Artery-Coronary	Artery-Coronary	Blood.Vessel
SRS525293	SRR1091918	y	Cells-EBV-transformedlymphocytes	Cells-EBV-transformedlymphocytes	Blood
SRS525320	SRR1092567	y	Thyroid	Thyroid	Thyroid
SRS525328	SRR1092749	y	Colon-Transverse	Colon-Transverse	Colon
SRS525337	SRR1092961	y	Cells-Transformedfibroblasts	Cells-Transformedfibroblasts	Skin
SRS525355	SRR1093366	y	Colon-Sigmoid	Colon-Sigmoid	Colon
SRS525360	SRR1093483	y	Cells-EBV-transformedlymphocytes	Cells-EBV-transformedlymphocytes	Blood
SRS525377	SRR1093861	y	Liver	Liver	Liver
SRS525396	SRR1094312	y	Spleen	Spleen	Spleen
SRS525966	SRR1094430	y	Artery-Aorta	Artery-Aorta	Blood.Vessel
SRS525970	SRR1094531	y	SmallIntestine-TerminalIleum	SmallIntestine-TerminalIleum	Small.Intestine
SRS525994	SRR1095675	y	Colon-Transverse	Colon-Transverse	Colon
SRS526004	SRR1095913	y	Liver	Liver	Liver
SRS526012	SRR1096101	y	Pituitary	Pituitary	Pituitary
SRS526015	SRR1096149	y	Artery-Aorta	Artery-Aorta	Blood.Vessel
SRS526027	SRR1096408	y	Skin-NotSunExposed-Suprapubic-	Skin-NotSunExposed-Suprapubic-	Skin
SRS526037	SRR1096547	y	Breast-MammaryTissue	Breast-MammaryTissue	Breast
SRS526059	SRR1096806	y	Nerve-Tibial	Nerve-Tibial	Nerve
SRS526081	SRR1097245	y	MinorSalivaryGland	MinorSalivaryGland	Salivary.Gland
SRS526093	SRR1097594	y	Cells-EBV-transformedlymphocytes	Cells-EBV-transformedlymphocytes	Blood
SRS526097	SRR1097688	y	Cells-Transformedfibroblasts	Cells-Transformedfibroblasts	Skin
SRS526121	SRR1098002	y	Colon-Transverse	Colon-Transverse	Colon
SRS526134	SRR1098312	y	Artery-Coronary	Artery-Coronary	Blood.Vessel
SRS526135	SRR1098336	y	Brain-Putamen-basalganglia-	Brain-Putamen-basalganglia-	Brain
SRS526149	SRR1098660	y	Colon-Transverse	Colon-Transverse	Colon
SRS526157	SRR1098855	y	Stomach	Stomach	Stomach
SRS526178	SRR1099354	y	Colon-Transverse	Colon-Transverse	Colon
SRS526545	SRR1099881	y	SmallIntestine-TerminalIleum	SmallIntestine-TerminalIleum	Small.Intestine
SRS526546	SRR1099905	y	Stomach	Stomach	Stomach
SRS526561	SRR1100370	y	Artery-Aorta	Artery-Aorta	Blood.Vessel
SRS526571	SRR1100608	y	MinorSalivaryGland	MinorSalivaryGland	Salivary.Gland
SRS526587	SRR1100965	y	Esophagus-GastroesophagealJunction	Esophagus-GastroesophagealJunction	Esophagus
SRS526593	SRR1101085	y	Adipose-Visceral-Omentum-	Adipose-Visceral-Omentum-	Adipose.Tissue
SRS526595	SRR1101128	y	Artery-Aorta	Artery-Aorta	Blood.Vessel
SRS526628	SRR1101483	y	WholeBlood	WholeBlood	Blood
SRS526662	SRR1101765	y	Spleen	Spleen	Spleen
SRS526682	SRR1102248	y	Cells-Transformedfibroblasts	Cells-Transformedfibroblasts	Skin
SRS526702	SRR1102729	y	Esophagus-Mucosa	Esophagus-Mucosa	Esophagus
SRS526713	SRR1102973	y	Esophagus-Mucosa	Esophagus-Mucosa	Esophagus
SRS527991	SRR1105174	y	Spleen	Spleen	Spleen
SRS528005	SRR1105369	y	Cells-EBV-transformedlymphocytes	Cells-EBV-transformedlymphocytes	Blood
SRS534951	SRR1120891	y	Colon-Transverse	Colon-Transverse	Colon
SRS534952	SRR1120913	y	AdrenalGland	AdrenalGland	Adrenal.Gland
SRS534957	SRR1121031	y	Esophagus-Mucosa	Esophagus-Mucosa	Esophagus
SRS623860	SRR1308357	y	Esophagus-GastroesophagealJunction	Esophagus-GastroesophagealJunction	Esophagus
SRS623878	SRR1308778	y	AdrenalGland	AdrenalGland	Adrenal.Gland
SRS623942	SRR1310231	y	AdrenalGland	AdrenalGland	Adrenal.Gland
SRS623952	SRR1310433	y	Liver	Liver	Liver
SRS623961	SRR1310623	y	Brain-Spinalcord-cervicalc-1-	Brain-Spinalcord-cervicalc-1-	Brain
SRS623978	SRR1310975	y	Lung	Lung	Lung
SRS624005	SRR1311464	y	Colon-Transverse	Colon-Transverse	Colon
SRS624008	SRR1311531	y	AdrenalGland	AdrenalGland	Adrenal.Gland
SRS624039	SRR1312103	y	Brain-Caudate-basalganglia-	Brain-Caudate-basalganglia-	Brain
SRS624051	SRR1312388	y	Stomach	Stomach	Stomach
SRS624497	SRR1313560	y	Heart-LeftVentricle	Heart-LeftVentricle	Heart
SRS624521	SRR1313932	y	Brain-Putamen-basalganglia-	Brain-Putamen-basalganglia-	Brain
SRS624987	SRR1314940	y	Kidney-Cortex	Kidney-Cortex	Kidney
SRS625003	SRR1315269	y	Brain-Cortex	Brain-Cortex	Brain
SRS625010	SRR1315412	y	MinorSalivaryGland	MinorSalivaryGland	Salivary.Gland
SRS625189	SRR1315721	y	Brain-Hypothalamus	Brain-Hypothalamus	Brain
SRS625200	SRR1315949	y	Brain-Hypothalamus	Brain-Hypothalamus	Brain
SRS625205	SRR1316055	y	Esophagus-Mucosa	Esophagus-Mucosa	Esophagus
SRS625226	SRR1316254	y	Brain-Substantianigra	Brain-Substantianigra	Brain
SRS625232	SRR1316392	y	Brain-Anteriorcingulatecortex-BA24-	Brain-Anteriorcingulatecortex-BA24-	Brain
SRS625313	SRR1316793	y	Thyroid	Thyroid	Thyroid
SRS625328	SRR1317110	y	Colon-Sigmoid	Colon-Sigmoid	Colon
SRS625333	SRR1317201	y	Skin-NotSunExposed-Suprapubic-	Skin-NotSunExposed-Suprapubic-	Skin
SRS625351	SRR1317470	y	Skin-SunExposed-Lowerleg-	Skin-SunExposed-Lowerleg-	Skin
SRS625400	SRR1318089	y	MinorSalivaryGland	MinorSalivaryGland	Salivary.Gland
SRS625420	SRR1318503	y	Pancreas	Pancreas	Pancreas
SRS625436	SRR1318541	y	Artery-Aorta	Artery-Aorta	Blood.Vessel
SRS625471	SRR1319283	y	Thyroid	Thyroid	Thyroid
SRS625496	SRR1319816	y	Brain-Amygdala	Brain-Amygdala	Brain
SRS625537	SRR1320536	y	AdrenalGland	AdrenalGland	Adrenal.Gland
SRS625590	SRR1321462	y	Brain-Putamen-basalganglia-	Brain-Putamen-basalganglia-	Brain
SRS625591	SRR1321483	y	SmallIntestine-TerminalIleum	SmallIntestine-TerminalIleum	Small.Intestine
SRS625611	SRR1321921	y	Nerve-Tibial	Nerve-Tibial	Nerve
SRS625613	SRR1321966	y	Brain-Spinalcord-cervicalc-1-	Brain-Spinalcord-cervicalc-1-	Brain
SRS625618	SRR1322046	y	AdrenalGland	AdrenalGland	Adrenal.Gland
SRS625628	SRR1322270	y	Brain-CerebellarHemisphere	Brain-CerebellarHemisphere	Brain
SRS625634	SRR1322395	y	Heart-LeftVentricle	Heart-LeftVentricle	Heart
SRS625684	SRR1323130	y	Brain-Nucleusaccumbens-basalganglia-	Brain-Nucleusaccumbens-basalganglia-	Brain
SRS625687	SRR1323196	y	Brain-Hippocampus	Brain-Hippocampus	Brain
SRS625703	SRR1323536	y	Brain-Hippocampus	Brain-Hippocampus	Brain
SRS625706	SRR1323603	y	Brain-Spinalcord-cervicalc-1-	Brain-Spinalcord-cervicalc-1-	Brain
SRS625715	SRR1323807	y	Brain-Spinalcord-cervicalc-1-	Brain-Spinalcord-cervicalc-1-	Brain
SRS625733	SRR1324102	y	Pancreas	Pancreas	Pancreas
SRS625734	SRR1324119	y	Skin-SunExposed-Lowerleg-	Skin-SunExposed-Lowerleg-	Skin
SRS626177	SRR1325201	y	MinorSalivaryGland	MinorSalivaryGland	Salivary.Gland
SRS626182	SRR1325310	y	Artery-Tibial	Artery-Tibial	Blood.Vessel
SRS626190	SRR1325483	y	Kidney-Cortex	Kidney-Cortex	Kidney
SRS626195	SRR1325578	y	Esophagus-Muscularis	Esophagus-Muscularis	Esophagus
SRS626215	SRR1326020	y	Pancreas	Pancreas	Pancreas
SRS626224	SRR1326179	y	Brain-FrontalCortex-BA9-	Brain-FrontalCortex-BA9-	Brain
SRS626265	SRR1326687	y	Heart-LeftVentricle	Heart-LeftVentricle	Heart
SRS626270	SRR1326797	y	Pituitary	Pituitary	Pituitary
SRS626619	SRR1327855	y	Artery-Coronary	Artery-Coronary	Blood.Vessel
SRS626623	SRR1327933	y	Artery-Coronary	Artery-Coronary	Blood.Vessel
SRS626838	SRR1328960	y	Brain-Cortex	Brain-Cortex	Brain
SRS626848	SRR1329154	y	Kidney-Cortex	Kidney-Cortex	Kidney
SRS627044	SRR1330371	y	SmallIntestine-TerminalIleum	SmallIntestine-TerminalIleum	Small.Intestine
SRS627074	SRR1330901	y	Pancreas	Pancreas	Pancreas
SRS627077	SRR1330965	y	Heart-LeftVentricle	Heart-LeftVentricle	Heart
SRS627113	SRR1331771	y	MinorSalivaryGland	MinorSalivaryGland	Salivary.Gland
SRS627140	SRR1332339	y	Nerve-Tibial	Nerve-Tibial	Nerve
SRS627156	SRR1332670	y	Skin-NotSunExposed-Suprapubic-	Skin-NotSunExposed-Suprapubic-	Skin
SRS627162	SRR1332796	y	Brain-Cortex	Brain-Cortex	Brain
SRS627163	SRR1332816	y	Artery-Aorta	Artery-Aorta	Blood.Vessel
SRS627185	SRR1333287	y	Colon-Sigmoid	Colon-Sigmoid	Colon
SRS627186	SRR1333308	y	Adipose-Visceral-Omentum-	Adipose-Visceral-Omentum-	Adipose.Tissue
SRS627187	SRR1333330	y	Cells-EBV-transformedlymphocytes	Cells-EBV-transformedlymphocytes	Blood
SRS627188	SRR1333352	y	Brain-Amygdala	Brain-Amygdala	Brain
SRS627210	SRR1333789	y	Skin-SunExposed-Lowerleg-	Skin-SunExposed-Lowerleg-	Skin
SRS627356	SRR1334608	y	WholeBlood	WholeBlood	Blood
SRS627436	SRR1335278	y	Nerve-Tibial	Nerve-Tibial	Nerve
SRS627440	SRR1335355	y	Skin-SunExposed-Lowerleg-	Skin-SunExposed-Lowerleg-	Skin
SRS627441	SRR1335377	y	Brain-Cerebellum	Brain-Cerebellum	Brain
SRS627446	SRR1335489	y	Skin-NotSunExposed-Suprapubic-	Skin-NotSunExposed-Suprapubic-	Skin
SRS627516	SRR1335875	y	Spleen	Spleen	Spleen
SRS627528	SRR1336134	y	Heart-AtrialAppendage	Heart-AtrialAppendage	Heart
SRS627581	SRR1336481	y	Brain-Spinalcord-cervicalc-1-	Brain-Spinalcord-cervicalc-1-	Brain
SRS627704	SRR1337173	y	Muscle-Skeletal	Muscle-Skeletal	Muscle
SRS627713	SRR1337364	y	Thyroid	Thyroid	Thyroid
SRS627726	SRR1337648	y	Brain-Anteriorcingulatecortex-BA24-	Brain-Anteriorcingulatecortex-BA24-	Brain
SRS627747	SRR1338031	y	Adipose-Subcutaneous	Adipose-Subcutaneous	Adipose.Tissue
SRS627758	SRR1338280	y	Colon-Transverse	Colon-Transverse	Colon
SRS627763	SRR1338384	y	MinorSalivaryGland	MinorSalivaryGland	Salivary.Gland
SRS627774	SRR1338627	y	Brain-Amygdala	Brain-Amygdala	Brain
SRS627803	SRR1339236	y	Breast-MammaryTissue	Breast-MammaryTissue	Breast
SRS627818	SRR1339530	y	Brain-Putamen-basalganglia-	Brain-Putamen-basalganglia-	Brain
SRS627823	SRR1339651	y	Brain-Cortex	Brain-Cortex	Brain
SRS627856	SRR1340325	y	Liver	Liver	Liver
SRS627875	SRR1340662	y	Kidney-Cortex	Kidney-Cortex	Kidney
SRS627877	SRR1340700	y	Brain-Nucleusaccumbens-basalganglia-	Brain-Nucleusaccumbens-basalganglia-	Brain
SRS627882	SRR1340804	y	Cells-EBV-transformedlymphocytes	Cells-EBV-transformedlymphocytes	Blood
SRS627884	SRR1340862	y	Stomach	Stomach	Stomach
SRS627930	SRR1341626	y	Pancreas	Pancreas	Pancreas
SRS627948	SRR1341945	y	Colon-Sigmoid	Colon-Sigmoid	Colon
SRS627954	SRR1342067	y	Adipose-Visceral-Omentum-	Adipose-Visceral-Omentum-	Adipose.Tissue
SRS628401	SRR1343720	y	Pituitary	Pituitary	Pituitary
SRS628409	SRR1343879	y	Brain-Spinalcord-cervicalc-1-	Brain-Spinalcord-cervicalc-1-	Brain
SRS628418	SRR1344079	y	SmallIntestine-TerminalIleum	SmallIntestine-TerminalIleum	Small.Intestine
SRS628419	SRR1344100	y	Thyroid	Thyroid	Thyroid
SRS628425	SRR1344229	y	Esophagus-Mucosa	Esophagus-Mucosa	Esophagus
SRS628429	SRR1344326	y	Cells-EBV-transformedlymphocytes	Cells-EBV-transformedlymphocytes	Blood
SRS628435	SRR1344445	y	Liver	Liver	Liver
SRS628791	SRR1345436	y	Heart-AtrialAppendage	Heart-AtrialAppendage	Heart
SRS629221	SRR1346734	y	Liver	Liver	Liver
SRS629229	SRR1346909	y	Adipose-Visceral-Omentum-	Adipose-Visceral-Omentum-	Adipose.Tissue
SRS629287	SRR1348021	y	Brain-Cerebellum	Brain-Cerebellum	Brain
SRS629405	SRR1349829	y	Brain-Hypothalamus	Brain-Hypothalamus	Brain
SRS629424	SRR1350239	y	Liver	Liver	Liver
SRS629430	SRR1350371	y	Cells-EBV-transformedlymphocytes	Cells-EBV-transformedlymphocytes	Blood
SRS629464	SRR1351104	y	Artery-Aorta	Artery-Aorta	Blood.Vessel
SRS629483	SRR1351521	y	Artery-Coronary	Artery-Coronary	Blood.Vessel
SRS629512	SRR1352234	y	Heart-AtrialAppendage	Heart-AtrialAppendage	Heart
SRS629513	SRR1352169	y	Pituitary	Pituitary	Pituitary
SRS629554	SRR1353052	y	Esophagus-GastroesophagealJunction	Esophagus-GastroesophagealJunction	Esophagus
SRS629567	SRR1353332	y	Colon-Sigmoid	Colon-Sigmoid	Colon
SRS629601	SRR1354013	y	Brain-Hypothalamus	Brain-Hypothalamus	Brain
SRS629617	SRR1354363	y	Artery-Aorta	Artery-Aorta	Blood.Vessel
SRS629619	SRR1354400	y	SmallIntestine-TerminalIleum	SmallIntestine-TerminalIleum	Small.Intestine
SRS629621	SRR1354446	y	Brain-FrontalCortex-BA9-	Brain-FrontalCortex-BA9-	Brain
SRS629632	SRR1354689	y	Brain-Hippocampus	Brain-Hippocampus	Brain
SRS629719	SRR1355747	y	Esophagus-Mucosa	Esophagus-Mucosa	Esophagus
SRS629760	SRR1356375	y	Brain-CerebellarHemisphere	Brain-CerebellarHemisphere	Brain
SRS629766	SRR1356509	y	Colon-Sigmoid	Colon-Sigmoid	Colon
SRS629767	SRR1356531	y	Pituitary	Pituitary	Pituitary
SRS629800	SRR1357276	y	AdrenalGland	AdrenalGland	Adrenal.Gland
SRS629822	SRR1357733	y	Esophagus-Mucosa	Esophagus-Mucosa	Esophagus
SRS629834	SRR1358041	y	Skin-SunExposed-Lowerleg-	Skin-SunExposed-Lowerleg-	Skin
SRS629859	SRR1358561	y	Brain-Putamen-basalganglia-	Brain-Putamen-basalganglia-	Brain
SRS629865	SRR1358665	y	Esophagus-Muscularis	Esophagus-Muscularis	Esophagus
SRS629883	SRR1359027	y	SmallIntestine-TerminalIleum	SmallIntestine-TerminalIleum	Small.Intestine
SRS629896	SRR1359304	y	Skin-NotSunExposed-Suprapubic-	Skin-NotSunExposed-Suprapubic-	Skin
SRS629937	SRR1360128	y	Brain-FrontalCortex-BA9-	Brain-FrontalCortex-BA9-	Brain
SRS629954	SRR1360478	y	Adipose-Visceral-Omentum-	Adipose-Visceral-Omentum-	Adipose.Tissue
SRS629961	SRR1360563	y	Brain-FrontalCortex-BA9-	Brain-FrontalCortex-BA9-	Brain
SRS630006	SRR1361415	y	Artery-Tibial	Artery-Tibial	Blood.Vessel
SRS630049	SRR1362081	y	Adipose-Visceral-Omentum-	Adipose-Visceral-Omentum-	Adipose.Tissue
SRS630080	SRR1362417	y	Brain-Caudate-basalganglia-	Brain-Caudate-basalganglia-	Brain
SRS630092	SRR1362643	y	Brain-Hippocampus	Brain-Hippocampus	Brain
SRS630103	SRR1362824	y	Heart-AtrialAppendage	Heart-AtrialAppendage	Heart
SRS630104	SRR1362848	y	Artery-Coronary	Artery-Coronary	Blood.Vessel
SRS630105	SRR1362888	y	Brain-Hippocampus	Brain-Hippocampus	Brain
SRS630563	SRR1363810	y	Brain-CerebellarHemisphere	Brain-CerebellarHemisphere	Brain
SRS631250	SRR1365356	y	Thyroid	Thyroid	Thyroid
SRS631255	SRR1365471	y	Pancreas	Pancreas	Pancreas
SRS631256	SRR1365489	y	Lung	Lung	Lung
SRS631273	SRR1365655	y	SmallIntestine-TerminalIleum	SmallIntestine-TerminalIleum	Small.Intestine
SRS631277	SRR1365743	y	Pancreas	Pancreas	Pancreas
SRS631281	SRR1365808	y	Lung	Lung	Lung
SRS631293	SRR1366081	y	Skin-NotSunExposed-Suprapubic-	Skin-NotSunExposed-Suprapubic-	Skin
SRS631296	SRR1366141	y	Brain-Nucleusaccumbens-basalganglia-	Brain-Nucleusaccumbens-basalganglia-	Brain
SRS631314	SRR1366390	y	Pituitary	Pituitary	Pituitary
SRS631329	SRR1366729	y	Esophagus-GastroesophagealJunction	Esophagus-GastroesophagealJunction	Esophagus
SRS631427	SRR1368178	y	Brain-Cerebellum	Brain-Cerebellum	Brain
SRS631483	SRR1369148	y	Brain-Spinalcord-cervicalc-1-	Brain-Spinalcord-cervicalc-1-	Brain
SRS631486	SRR1369219	y	Brain-Spinalcord-cervicalc-1-	Brain-Spinalcord-cervicalc-1-	Brain
SRS631487	SRR1369241	y	Esophagus-Muscularis	Esophagus-Muscularis	Esophagus
SRS631769	SRR1370405	y	Brain-Caudate-basalganglia-	Brain-Caudate-basalganglia-	Brain
SRS631786	SRR1370780	y	Muscle-Skeletal	Muscle-Skeletal	Muscle
SRS633740	SRR1374141	y	Skin-NotSunExposed-Suprapubic-	Skin-NotSunExposed-Suprapubic-	Skin
SRS633744	SRR1374246	y	Brain-Cerebellum	Brain-Cerebellum	Brain
SRS634131	SRR1376380	y	MinorSalivaryGland	MinorSalivaryGland	Salivary.Gland
SRS634141	SRR1376597	y	Brain-Nucleusaccumbens-basalganglia-	Brain-Nucleusaccumbens-basalganglia-	Brain
SRS634153	SRR1376852	y	Liver	Liver	Liver
SRS634305	SRR1377578	y	Kidney-Cortex	Kidney-Cortex	Kidney
SRS634307	SRR1377647	y	Cells-Transformedfibroblasts	Cells-Transformedfibroblasts	Skin
SRS634352	SRR1377984	y	Brain-Cerebellum	Brain-Cerebellum	Brain
SRS634360	SRR1378155	y	Brain-Hippocampus	Brain-Hippocampus	Brain
SRS634545	SRR1378948	y	Breast-MammaryTissue	Breast-MammaryTissue	Breast
SRS634570	SRR1379471	y	Thyroid	Thyroid	Thyroid
SRS634783	SRR1380460	y	Breast-MammaryTissue	Breast-MammaryTissue	Breast
SRS634793	SRR1380680	y	Brain-Hippocampus	Brain-Hippocampus	Brain
SRS634798	SRR1380785	y	Heart-AtrialAppendage	Heart-AtrialAppendage	Heart
SRS634805	SRR1380931	y	Kidney-Cortex	Kidney-Cortex	Kidney
SRS634857	SRR1381459	y	Nerve-Tibial	Nerve-Tibial	Nerve
SRS635161	SRR1382732	y	Brain-Cortex	Brain-Cortex	Brain
SRS635175	SRR1382956	y	Brain-Anteriorcingulatecortex-BA24-	Brain-Anteriorcingulatecortex-BA24-	Brain
SRS635176	SRR1382978	y	MinorSalivaryGland	MinorSalivaryGland	Salivary.Gland
SRS635315	SRR1384234	y	Brain-Cerebellum	Brain-Cerebellum	Brain
SRS635356	SRR1384754	y	Artery-Coronary	Artery-Coronary	Blood.Vessel
SRS635380	SRR1385036	y	Brain-Cerebellum	Brain-Cerebellum	Brain
SRS635401	SRR1385235	y	Heart-LeftVentricle	Heart-LeftVentricle	Heart
SRS635406	SRR1385364	y	Heart-AtrialAppendage	Heart-AtrialAppendage	Heart
SRS636071	SRR1387113	y	Colon-Sigmoid	Colon-Sigmoid	Colon
SRS636073	SRR1387155	y	Artery-Aorta	Artery-Aorta	Blood.Vessel
SRS636078	SRR1387264	y	Brain-FrontalCortex-BA9-	Brain-FrontalCortex-BA9-	Brain
SRS636088	SRR1387475	y	Heart-AtrialAppendage	Heart-AtrialAppendage	Heart
SRS636149	SRR1388437	y	Colon-Transverse	Colon-Transverse	Colon
SRS636235	SRR1388788	y	Colon-Sigmoid	Colon-Sigmoid	Colon
SRS636254	SRR1389059	y	Brain-Hypothalamus	Brain-Hypothalamus	Brain
SRS636345	SRR1390119	y	Pituitary	Pituitary	Pituitary
SRS636364	SRR1390516	y	Brain-Hippocampus	Brain-Hippocampus	Brain
SRS636575	SRR1391922	y	Brain-Cortex	Brain-Cortex	Brain
SRS637031	SRR1392943	y	Adipose-Visceral-Omentum-	Adipose-Visceral-Omentum-	Adipose.Tissue
SRS637275	SRR1394297	y	Brain-Amygdala	Brain-Amygdala	Brain
SRS637287	SRR1394566	y	Brain-Hypothalamus	Brain-Hypothalamus	Brain
SRS637298	SRR1394799	y	Brain-Cerebellum	Brain-Cerebellum	Brain
SRS637636	SRR1396227	y	Spleen	Spleen	Spleen
SRS637655	SRR1396659	y	Brain-Spinalcord-cervicalc-1-	Brain-Spinalcord-cervicalc-1-	Brain
SRS637677	SRR1397094	y	Brain-Nucleusaccumbens-basalganglia-	Brain-Nucleusaccumbens-basalganglia-	Brain
SRS637734	SRR1398272	y	Colon-Sigmoid	Colon-Sigmoid	Colon
SRS637736	SRR1398311	y	Heart-AtrialAppendage	Heart-AtrialAppendage	Heart
SRS637805	SRR1398992	y	Brain-Cerebellum	Brain-Cerebellum	Brain
SRS637813	SRR1399156	y	Stomach	Stomach	Stomach
SRS637817	SRR1399247	y	Stomach	Stomach	Stomach
SRS637867	SRR1400269	y	Brain-Putamen-basalganglia-	Brain-Putamen-basalganglia-	Brain
SRS637875	SRR1400443	y	Cells-Transformedfibroblasts	Cells-Transformedfibroblasts	Skin
SRS637877	SRR1400489	y	Colon-Sigmoid	Colon-Sigmoid	Colon
SRS637899	SRR1400799	y	Esophagus-GastroesophagealJunction	Esophagus-GastroesophagealJunction	Esophagus
SRS638031	SRR1403544	y	Liver	Liver	Liver
SRS638066	SRR1403915	y	Brain-CerebellarHemisphere	Brain-CerebellarHemisphere	Brain
SRS638073	SRR1404062	y	Stomach	Stomach	Stomach
SRS638077	SRR1404147	y	Stomach	Stomach	Stomach
SRS638120	SRR1405054	y	Liver	Liver	Liver
SRS638135	SRR1405374	y	Pituitary	Pituitary	Pituitary
SRS638174	SRR1405965	y	Skin-SunExposed-Lowerleg-	Skin-SunExposed-Lowerleg-	Skin
SRS638175	SRR1405984	y	Muscle-Skeletal	Muscle-Skeletal	Muscle
SRS638182	SRR1406135	y	MinorSalivaryGland	MinorSalivaryGland	Salivary.Gland
SRS638206	SRR1406643	y	SmallIntestine-TerminalIleum	SmallIntestine-TerminalIleum	Small.Intestine
SRS638235	SRR1406954	y	Skin-NotSunExposed-Suprapubic-	Skin-NotSunExposed-Suprapubic-	Skin
SRS638243	SRR1407134	y	Brain-Amygdala	Brain-Amygdala	Brain
SRS638246	SRR1407226	y	AdrenalGland	AdrenalGland	Adrenal.Gland
SRS638248	SRR1407250	y	Adipose-Subcutaneous	Adipose-Subcutaneous	Adipose.Tissue
SRS638259	SRR1407470	y	Heart-AtrialAppendage	Heart-AtrialAppendage	Heart
SRS638304	SRR1408327	y	Brain-Putamen-basalganglia-	Brain-Putamen-basalganglia-	Brain
SRS638314	SRR1408529	y	Muscle-Skeletal	Muscle-Skeletal	Muscle
SRS638317	SRR1408595	y	Muscle-Skeletal	Muscle-Skeletal	Muscle
SRS638384	SRR1409534	y	Brain-Putamen-basalganglia-	Brain-Putamen-basalganglia-	Brain
SRS638410	SRR1409854	y	Adipose-Subcutaneous	Adipose-Subcutaneous	Adipose.Tissue
SRS638551	SRR1410634	y	Colon-Sigmoid	Colon-Sigmoid	Colon
SRS638559	SRR1410783	y	Brain-Caudate-basalganglia-	Brain-Caudate-basalganglia-	Brain
SRS638569	SRR1411002	y	Thyroid	Thyroid	Thyroid
SRS639143	SRR1412969	y	Liver	Liver	Liver
SRS639185	SRR1413768	y	Brain-Spinalcord-cervicalc-1-	Brain-Spinalcord-cervicalc-1-	Brain
SRS639196	SRR1413959	y	Brain-Substantianigra	Brain-Substantianigra	Brain
SRS639242	SRR1414833	y	Brain-Nucleusaccumbens-basalganglia-	Brain-Nucleusaccumbens-basalganglia-	Brain
SRS639244	SRR1414876	y	Pituitary	Pituitary	Pituitary
SRS639246	SRR1414916	y	Adipose-Visceral-Omentum-	Adipose-Visceral-Omentum-	Adipose.Tissue
SRS639257	SRR1415113	y	Skin-SunExposed-Lowerleg-	Skin-SunExposed-Lowerleg-	Skin
SRS639274	SRR1415439	y	Artery-Aorta	Artery-Aorta	Blood.Vessel
SRS639292	SRR1415832	y	Brain-Amygdala	Brain-Amygdala	Brain
SRS639297	SRR1415938	y	Pancreas	Pancreas	Pancreas
SRS639298	SRR1415956	y	Spleen	Spleen	Spleen
SRS639318	SRR1416362	y	Pancreas	Pancreas	Pancreas
SRS639324	SRR1416455	y	Colon-Sigmoid	Colon-Sigmoid	Colon
SRS639350	SRR1416999	y	Brain-Anteriorcingulatecortex-BA24-	Brain-Anteriorcingulatecortex-BA24-	Brain
SRS639352	SRR1417047	y	Brain-Cortex	Brain-Cortex	Brain
SRS639375	SRR1417404	y	Lung	Lung	Lung
SRS639392	SRR1417725	y	Breast-MammaryTissue	Breast-MammaryTissue	Breast
SRS639412	SRR1418145	y	Spleen	Spleen	Spleen
SRS639421	SRR1418323	y	Nerve-Tibial	Nerve-Tibial	Nerve
SRS639435	SRR1418628	y	Adipose-Visceral-Omentum-	Adipose-Visceral-Omentum-	Adipose.Tissue
SRS639449	SRR1418923	y	Brain-Caudate-basalganglia-	Brain-Caudate-basalganglia-	Brain
SRS639517	SRR1420413	y	Colon-Transverse	Colon-Transverse	Colon
SRS639540	SRR1420891	y	Brain-Cerebellum	Brain-Cerebellum	Brain
SRS639544	SRR1420984	y	Brain-Anteriorcingulatecortex-BA24-	Brain-Anteriorcingulatecortex-BA24-	Brain
SRS643831	SRR1429429	y	MinorSalivaryGland	MinorSalivaryGland	Salivary.Gland
SRS643832	SRR1429450	y	Pituitary	Pituitary	Pituitary
SRS643854	SRR1429935	y	Brain-CerebellarHemisphere	Brain-CerebellarHemisphere	Brain
SRS643902	SRR1430991	y	Pituitary	Pituitary	Pituitary
SRS643903	SRR1431015	y	Esophagus-GastroesophagealJunction	Esophagus-GastroesophagealJunction	Esophagus
SRS643923	SRR1431429	y	Cells-Transformedfibroblasts	Cells-Transformedfibroblasts	Skin
SRS643925	SRR1431475	y	Skin-NotSunExposed-Suprapubic-	Skin-NotSunExposed-Suprapubic-	Skin
SRS643932	SRR1431602	y	Heart-AtrialAppendage	Heart-AtrialAppendage	Heart
SRS643968	SRR1432366	y	Heart-AtrialAppendage	Heart-AtrialAppendage	Heart
SRS643981	SRR1432650	y	Kidney-Cortex	Kidney-Cortex	Kidney
SRS643984	SRR1432719	y	AdrenalGland	AdrenalGland	Adrenal.Gland
SRS643989	SRR1432823	y	Brain-Hypothalamus	Brain-Hypothalamus	Brain
SRS644001	SRR1433066	y	Kidney-Cortex	Kidney-Cortex	Kidney
SRS644018	SRR1433431	y	Brain-Anteriorcingulatecortex-BA24-	Brain-Anteriorcingulatecortex-BA24-	Brain
SRS644028	SRR1433644	y	Brain-Cerebellum	Brain-Cerebellum	Brain
SRS644036	SRR1433819	y	Nerve-Tibial	Nerve-Tibial	Nerve
SRS644043	SRR1433971	y	Brain-Cortex	Brain-Cortex	Brain
SRS644067	SRR1434484	y	Brain-Anteriorcingulatecortex-BA24-	Brain-Anteriorcingulatecortex-BA24-	Brain
SRS644076	SRR1434671	y	Lung	Lung	Lung
SRS644110	SRR1435351	y	Esophagus-Mucosa	Esophagus-Mucosa	Esophagus
SRS644119	SRR1435536	y	Brain-Hypothalamus	Brain-Hypothalamus	Brain
SRS644126	SRR1435688	y	Cells-Transformedfibroblasts	Cells-Transformedfibroblasts	Skin
SRS644128	SRR1435730	y	Kidney-Cortex	Kidney-Cortex	Kidney
SRS644129	SRR1435753	y	Brain-Substantianigra	Brain-Substantianigra	Brain
SRS644141	SRR1435982	y	Artery-Coronary	Artery-Coronary	Blood.Vessel
SRS644155	SRR1436228	y	Liver	Liver	Liver
SRS644167	SRR1436490	y	Heart-AtrialAppendage	Heart-AtrialAppendage	Heart
SRS644178	SRR1436717	y	SmallIntestine-TerminalIleum	SmallIntestine-TerminalIleum	Small.Intestine
SRS644189	SRR1436949	y	Esophagus-GastroesophagealJunction	Esophagus-GastroesophagealJunction	Esophagus
SRS644195	SRR1437073	y	Breast-MammaryTissue	Breast-MammaryTissue	Breast
SRS644207	SRR1437324	y	Lung	Lung	Lung
SRS644214	SRR1437472	y	Esophagus-Muscularis	Esophagus-Muscularis	Esophagus
SRS644385	SRR1439850	y	Brain-CerebellarHemisphere	Brain-CerebellarHemisphere	Brain
SRS644392	SRR1439994	y	Artery-Aorta	Artery-Aorta	Blood.Vessel
SRS644407	SRR1440308	y	Brain-Caudate-basalganglia-	Brain-Caudate-basalganglia-	Brain
SRS644414	SRR1440467	y	Liver	Liver	Liver
SRS644428	SRR1440763	y	Brain-CerebellarHemisphere	Brain-CerebellarHemisphere	Brain
SRS644431	SRR1440832	y	SmallIntestine-TerminalIleum	SmallIntestine-TerminalIleum	Small.Intestine
SRS644438	SRR1440986	y	Brain-FrontalCortex-BA9-	Brain-FrontalCortex-BA9-	Brain
SRS644442	SRR1441075	y	SmallIntestine-TerminalIleum	SmallIntestine-TerminalIleum	Small.Intestine
SRS644450	SRR1441245	y	Esophagus-Muscularis	Esophagus-Muscularis	Esophagus
SRS644454	SRR1441335	y	Artery-Aorta	Artery-Aorta	Blood.Vessel
SRS644457	SRR1441398	y	Spleen	Spleen	Spleen
SRS644472	SRR1441725	y	Heart-LeftVentricle	Heart-LeftVentricle	Heart
SRS644486	SRR1442043	y	Skin-NotSunExposed-Suprapubic-	Skin-NotSunExposed-Suprapubic-	Skin
SRS644504	SRR1442400	y	Esophagus-Muscularis	Esophagus-Muscularis	Esophagus
SRS644506	SRR1442440	y	Colon-Sigmoid	Colon-Sigmoid	Colon
SRS644515	SRR1442630	y	Artery-Aorta	Artery-Aorta	Blood.Vessel
SRS644516	SRR1442648	y	Heart-AtrialAppendage	Heart-AtrialAppendage	Heart
SRS644524	SRR1442800	y	Artery-Coronary	Artery-Coronary	Blood.Vessel
SRS644544	SRR1443244	y	Breast-MammaryTissue	Breast-MammaryTissue	Breast
SRS644547	SRR1443308	y	MinorSalivaryGland	MinorSalivaryGland	Salivary.Gland
SRS644560	SRR1443592	y	Esophagus-GastroesophagealJunction	Esophagus-GastroesophagealJunction	Esophagus
SRS644580	SRR1444023	y	Skin-NotSunExposed-Suprapubic-	Skin-NotSunExposed-Suprapubic-	Skin
SRS644595	SRR1444324	y	Adipose-Visceral-Omentum-	Adipose-Visceral-Omentum-	Adipose.Tissue
SRS644621	SRR1444876	y	Brain-Nucleusaccumbens-basalganglia-	Brain-Nucleusaccumbens-basalganglia-	Brain
SRS644628	SRR1445023	y	Esophagus-GastroesophagealJunction	Esophagus-GastroesophagealJunction	Esophagus
SRS644631	SRR1445087	y	Skin-SunExposed-Lowerleg-	Skin-SunExposed-Lowerleg-	Skin
SRS644636	SRR1445170	y	SmallIntestine-TerminalIleum	SmallIntestine-TerminalIleum	Small.Intestine
SRS644639	SRR1445238	y	Brain-Caudate-basalganglia-	Brain-Caudate-basalganglia-	Brain
SRS644644	SRR1445347	y	Brain-Putamen-basalganglia-	Brain-Putamen-basalganglia-	Brain
SRS644652	SRR1445514	y	Brain-Spinalcord-cervicalc-1-	Brain-Spinalcord-cervicalc-1-	Brain
SRS644670	SRR1445895	y	Brain-Hypothalamus	Brain-Hypothalamus	Brain
SRS644697	SRR1446481	y	Adipose-Visceral-Omentum-	Adipose-Visceral-Omentum-	Adipose.Tissue
SRS644699	SRR1446523	y	Esophagus-Mucosa	Esophagus-Mucosa	Esophagus
SRS644721	SRR1446996	y	Stomach	Stomach	Stomach
SRS644733	SRR1447259	y	Brain-Anteriorcingulatecortex-BA24-	Brain-Anteriorcingulatecortex-BA24-	Brain
SRS644763	SRR1447916	y	MinorSalivaryGland	MinorSalivaryGland	Salivary.Gland
SRS644764	SRR1447938	y	Cells-EBV-transformedlymphocytes	Cells-EBV-transformedlymphocytes	Blood
SRS644771	SRR1448098	y	Nerve-Tibial	Nerve-Tibial	Nerve
SRS644777	SRR1448203	y	SmallIntestine-TerminalIleum	SmallIntestine-TerminalIleum	Small.Intestine
SRS645696	SRR1451897	y	Brain-CerebellarHemisphere	Brain-CerebellarHemisphere	Brain
SRS645704	SRR1452077	y	Skin-NotSunExposed-Suprapubic-	Skin-NotSunExposed-Suprapubic-	Skin
SRS645709	SRR1452185	y	Lung	Lung	Lung
SRS645711	SRR1452222	y	Colon-Sigmoid	Colon-Sigmoid	Colon
SRS645714	SRR1452292	y	Brain-Cortex	Brain-Cortex	Brain
SRS645727	SRR1452580	y	Artery-Tibial	Artery-Tibial	Blood.Vessel
SRS645737	SRR1452803	y	AdrenalGland	AdrenalGland	Adrenal.Gland
SRS645739	SRR1452842	y	Pituitary	Pituitary	Pituitary
SRS645755	SRR1453192	y	Nerve-Tibial	Nerve-Tibial	Nerve
SRS645765	SRR1453416	y	Muscle-Skeletal	Muscle-Skeletal	Muscle
SRS645768	SRR1453480	y	Esophagus-GastroesophagealJunction	Esophagus-GastroesophagealJunction	Esophagus
SRS645773	SRR1453591	y	Stomach	Stomach	Stomach
SRS645780	SRR1453747	y	Colon-Sigmoid	Colon-Sigmoid	Colon
SRS645784	SRR1453831	y	Stomach	Stomach	Stomach
SRS645785	SRR1453851	y	Brain-FrontalCortex-BA9-	Brain-FrontalCortex-BA9-	Brain
SRS645786	SRR1453875	y	Esophagus-GastroesophagealJunction	Esophagus-GastroesophagealJunction	Esophagus
SRS645794	SRR1454031	y	Colon-Sigmoid	Colon-Sigmoid	Colon
SRS645797	SRR1454095	y	Nerve-Tibial	Nerve-Tibial	Nerve
SRS645803	SRR1454225	y	SmallIntestine-TerminalIleum	SmallIntestine-TerminalIleum	Small.Intestine
SRS645824	SRR1454671	y	Cells-Transformedfibroblasts	Cells-Transformedfibroblasts	Skin
SRS645832	SRR1454842	y	Artery-Tibial	Artery-Tibial	Blood.Vessel
SRS645856	SRR1455369	y	Brain-Cortex	Brain-Cortex	Brain
SRS645865	SRR1455565	y	Stomach	Stomach	Stomach
SRS645867	SRR1455607	y	Heart-AtrialAppendage	Heart-AtrialAppendage	Heart
SRS645869	SRR1455653	y	Liver	Liver	Liver
SRS645872	SRR1455722	y	Pituitary	Pituitary	Pituitary
SRS645875	SRR1455783	y	Pancreas	Pancreas	Pancreas
SRS645880	SRR1455878	y	Liver	Liver	Liver
SRS645889	SRR1456075	y	Artery-Coronary	Artery-Coronary	Blood.Vessel
SRS645892	SRR1456138	y	Adipose-Visceral-Omentum-	Adipose-Visceral-Omentum-	Adipose.Tissue
SRS645916	SRR1456652	y	Nerve-Tibial	Nerve-Tibial	Nerve
SRS645919	SRR1456711	y	Kidney-Cortex	Kidney-Cortex	Kidney
SRS645927	SRR1456881	y	Adipose-Subcutaneous	Adipose-Subcutaneous	Adipose.Tissue
SRS645928	SRR1456903	y	Brain-CerebellarHemisphere	Brain-CerebellarHemisphere	Brain
SRS645952	SRR1457437	y	Stomach	Stomach	Stomach
SRS645955	SRR1457503	y	Brain-FrontalCortex-BA9-	Brain-FrontalCortex-BA9-	Brain
SRS645992	SRR1458335	y	Breast-MammaryTissue	Breast-MammaryTissue	Breast
SRS646004	SRR1458595	y	Brain-Spinalcord-cervicalc-1-	Brain-Spinalcord-cervicalc-1-	Brain
SRS646047	SRR1459561	y	Breast-MammaryTissue	Breast-MammaryTissue	Breast
SRS646048	SRR1459585	y	Brain-Substantianigra	Brain-Substantianigra	Brain
SRS646051	SRR1459655	y	Brain-Substantianigra	Brain-Substantianigra	Brain
SRS646060	SRR1459845	y	Nerve-Tibial	Nerve-Tibial	Nerve
SRS646065	SRR1459956	y	Heart-AtrialAppendage	Heart-AtrialAppendage	Heart
SRS646086	SRR1460433	y	Lung	Lung	Lung
SRS648111	SRR1464281	y	Heart-AtrialAppendage	Heart-AtrialAppendage	Heart
SRS648144	SRR1464977	y	Nerve-Tibial	Nerve-Tibial	Nerve
SRS648169	SRR1465501	y	Cells-Transformedfibroblasts	Cells-Transformedfibroblasts	Skin
SRS648186	SRR1465871	y	Kidney-Cortex	Kidney-Cortex	Kidney
SRS648196	SRR1466091	y	Colon-Sigmoid	Colon-Sigmoid	Colon
SRS648240	SRR1467011	y	Brain-Putamen-basalganglia-	Brain-Putamen-basalganglia-	Brain
SRS648279	SRR1467882	y	Brain-Nucleusaccumbens-basalganglia-	Brain-Nucleusaccumbens-basalganglia-	Brain
SRS648294	SRR1468208	y	Skin-NotSunExposed-Suprapubic-	Skin-NotSunExposed-Suprapubic-	Skin
SRS648330	SRR1468974	y	Brain-Hypothalamus	Brain-Hypothalamus	Brain
SRS648334	SRR1469062	y	MinorSalivaryGland	MinorSalivaryGland	Salivary.Gland
SRS648339	SRR1469169	y	Cells-EBV-transformedlymphocytes	Cells-EBV-transformedlymphocytes	Blood
SRS648366	SRR1469769	y	Esophagus-GastroesophagealJunction	Esophagus-GastroesophagealJunction	Esophagus
SRS648384	SRR1470132	y	Esophagus-Mucosa	Esophagus-Mucosa	Esophagus
SRS648386	SRR1470175	y	Brain-Cortex	Brain-Cortex	Brain
SRS648413	SRR1470727	y	Artery-Aorta	Artery-Aorta	Blood.Vessel
SRS648443	SRR1471374	y	Brain-CerebellarHemisphere	Brain-CerebellarHemisphere	Brain
SRS648489	SRR1472370	y	Artery-Coronary	Artery-Coronary	Blood.Vessel
SRS648490	SRR1472394	y	Brain-Caudate-basalganglia-	Brain-Caudate-basalganglia-	Brain
SRS648491	SRR1472415	y	Breast-MammaryTissue	Breast-MammaryTissue	Breast
SRS648532	SRR1473251	y	Cells-Transformedfibroblasts	Cells-Transformedfibroblasts	Skin
SRS648551	SRR1473654	y	Brain-Substantianigra	Brain-Substantianigra	Brain
SRS648557	SRR1473778	y	MinorSalivaryGland	MinorSalivaryGland	Salivary.Gland
SRS648586	SRR1474231	y	Esophagus-Mucosa	Esophagus-Mucosa	Esophagus
SRS648588	SRR1474277	y	Artery-Tibial	Artery-Tibial	Blood.Vessel
SRS648594	SRR1474374	y	Esophagus-GastroesophagealJunction	Esophagus-GastroesophagealJunction	Esophagus
SRS648619	SRR1474930	y	Esophagus-GastroesophagealJunction	Esophagus-GastroesophagealJunction	Esophagus
SRS648620	SRR1474951	y	Brain-Cortex	Brain-Cortex	Brain
SRS648621	SRR1474975	y	Esophagus-GastroesophagealJunction	Esophagus-GastroesophagealJunction	Esophagus
SRS648677	SRR1476142	y	Cells-Transformedfibroblasts	Cells-Transformedfibroblasts	Skin
SRS648683	SRR1476279	y	Brain-Putamen-basalganglia-	Brain-Putamen-basalganglia-	Brain
SRS648687	SRR1476348	y	Thyroid	Thyroid	Thyroid
SRS648700	SRR1476614	y	Brain-Putamen-basalganglia-	Brain-Putamen-basalganglia-	Brain
SRS648713	SRR1476881	y	Artery-Tibial	Artery-Tibial	Blood.Vessel
SRS648736	SRR1477385	y	Brain-Cerebellum	Brain-Cerebellum	Brain
SRS648739	SRR1477452	y	Cells-EBV-transformedlymphocytes	Cells-EBV-transformedlymphocytes	Blood
SRS648755	SRR1477773	y	Brain-CerebellarHemisphere	Brain-CerebellarHemisphere	Brain
SRS648756	SRR1477797	y	Lung	Lung	Lung
SRS648758	SRR1477837	y	Heart-AtrialAppendage	Heart-AtrialAppendage	Heart
SRS648815	SRR1479085	y	Thyroid	Thyroid	Thyroid
SRS648825	SRR1479306	y	Colon-Transverse	Colon-Transverse	Colon
SRS648862	SRR1480038	y	Muscle-Skeletal	Muscle-Skeletal	Muscle
SRS648894	SRR1480745	y	Cells-EBV-transformedlymphocytes	Cells-EBV-transformedlymphocytes	Blood
SRS648898	SRR1480831	y	AdrenalGland	AdrenalGland	Adrenal.Gland
SRS648926	SRR1481419	y	Adipose-Visceral-Omentum-	Adipose-Visceral-Omentum-	Adipose.Tissue
SRS649451	SRR1485078	y	Heart-AtrialAppendage	Heart-AtrialAppendage	Heart
SRS649453	SRR1485117	y	Pituitary	Pituitary	Pituitary
SRS649455	SRR1485167	y	Brain-Hippocampus	Brain-Hippocampus	Brain
SRS649526	SRR1485380	y	Artery-Coronary	Artery-Coronary	Blood.Vessel
SRS649547	SRR1485830	y	Adipose-Visceral-Omentum-	Adipose-Visceral-Omentum-	Adipose.Tissue
SRS649559	SRR1486080	y	Kidney-Cortex	Kidney-Cortex	Kidney
SRS649560	SRR1486097	y	Brain-Cortex	Brain-Cortex	Brain
SRS649573	SRR1486322	y	MinorSalivaryGland	MinorSalivaryGland	Salivary.Gland
SRS649590	SRR1486741	y	Brain-CerebellarHemisphere	Brain-CerebellarHemisphere	Brain
SRS649597	SRR1486889	y	Adipose-Subcutaneous	Adipose-Subcutaneous	Adipose.Tissue
SRS649601	SRR1486973	y	Adipose-Subcutaneous	Adipose-Subcutaneous	Adipose.Tissue
SRS649604	SRR1487043	y	Skin-NotSunExposed-Suprapubic-	Skin-NotSunExposed-Suprapubic-	Skin
SRS649610	SRR1487173	y	Esophagus-Mucosa	Esophagus-Mucosa	Esophagus
SRS649634	SRR1487685	y	Brain-FrontalCortex-BA9-	Brain-FrontalCortex-BA9-	Brain
SRS649649	SRR1487993	y	Artery-Coronary	Artery-Coronary	Blood.Vessel
SRS649654	SRR1488111	y	Spleen	Spleen	Spleen
SRS649669	SRR1488429	y	Lung	Lung	Lung
SRS649672	SRR1488491	y	Esophagus-Muscularis	Esophagus-Muscularis	Esophagus
SRS649674	SRR1488538	y	Brain-Spinalcord-cervicalc-1-	Brain-Spinalcord-cervicalc-1-	Brain
SRS649684	SRR1488751	y	Brain-CerebellarHemisphere	Brain-CerebellarHemisphere	Brain
SRS649703	SRR1489155	y	Brain-Amygdala	Brain-Amygdala	Brain
SRS649723	SRR1489589	y	Breast-MammaryTissue	Breast-MammaryTissue	Breast
SRS649733	SRR1489803	y	Breast-MammaryTissue	Breast-MammaryTissue	Breast
SRS649748	SRR1490115	y	WholeBlood	WholeBlood	Blood
SRS649753	SRR1490228	y	Skin-SunExposed-Lowerleg-	Skin-SunExposed-Lowerleg-	Skin
SRS649761	SRR1490404	y	Pancreas	Pancreas	Pancreas
SRS649767	SRR1490524	y	Brain-Hippocampus	Brain-Hippocampus	Brain
SRS649773	SRR1490658	y	Kidney-Cortex	Kidney-Cortex	Kidney
SRS649780	SRR1491257	y	AdrenalGland	AdrenalGland	Adrenal.Gland
SRS650074	SRR1498374	y	AdrenalGland	AdrenalGland	Adrenal.Gland
SRS650079	SRR1498482	y	Brain-Substantianigra	Brain-Substantianigra	Brain
SRS650084	SRR1498595	y	Adipose-Visceral-Omentum-	Adipose-Visceral-Omentum-	Adipose.Tissue
SRS650086	SRR1498640	y	Brain-Amygdala	Brain-Amygdala	Brain
SRS650114	SRR1499284	y	Pituitary	Pituitary	Pituitary
SRS650116	SRR1499325	y	Esophagus-GastroesophagealJunction	Esophagus-GastroesophagealJunction	Esophagus
SRS650118	SRR1499371	y	Artery-Tibial	Artery-Tibial	Blood.Vessel
SRS650139	SRR1499823	y	Brain-Substantianigra	Brain-Substantianigra	Brain
SRS650162	SRR1500323	y	Muscle-Skeletal	Muscle-Skeletal	Muscle
SRS650170	SRR1500495	y	Spleen	Spleen	Spleen
SRS650178	SRR1500661	y	Liver	Liver	Liver
SRS650184	SRR1500800	y	Brain-Amygdala	Brain-Amygdala	Brain
SRS650187	SRR1500868	y	Brain-FrontalCortex-BA9-	Brain-FrontalCortex-BA9-	Brain
SRS897015	SRR1956810	n	ESC_StemCellLine	ESC_StemCellLine	ESC
SRS333468	SRR603658	y	Brain-Hippocampus	Brain-Hippocampus	Brain
SRS524516	SRR1076046	y	SmallIntestine-TerminalIleum	SmallIntestine-TerminalIleum	Small.Intestine
SRS623927	SRR1309920	y	Skin-NotSunExposed-Suprapubic-	Skin-NotSunExposed-Suprapubic-	Skin
SRS625461	SRR1319078	y	Stomach	Stomach	Stomach
SRS627765	SRR1338426	y	Adipose-Subcutaneous	Adipose-Subcutaneous	Adipose.Tissue
SRS524440	SRR1074526	y	Spleen	Spleen	Spleen
SRS524506	SRR1075825	y	Nerve-Tibial	Nerve-Tibial	Nerve
SRS524534	SRR1076441	y	Breast-MammaryTissue	Breast-MammaryTissue	Breast
SRS524620	SRR1078392	y	MinorSalivaryGland	MinorSalivaryGland	Salivary.Gland
SRS644557	SRR1443525	y	Esophagus-GastroesophagealJunction	Esophagus-GastroesophagealJunction	Esophagus
SRS524225	SRR1069445	y	Cells-Transformedfibroblasts	Cells-Transformedfibroblasts	Skin
SRS524586	SRR1077619	y	Esophagus-Mucosa	Esophagus-Mucosa	Esophagus
SRS636264	SRR1389218	y	Brain-Hippocampus	Brain-Hippocampus	Brain
SRS524218	SRR1069303	y	Spleen	Spleen	Spleen
SRS524233	SRR1069638	y	Adipose-Visceral-Omentum-	Adipose-Visceral-Omentum-	Adipose.Tissue
SRS524549	SRR1076801	y	Esophagus-Mucosa	Esophagus-Mucosa	Esophagus
SRS629500	SRR1351907	y	SmallIntestine-TerminalIleum	SmallIntestine-TerminalIleum	Small.Intestine
SRS524819	SRR1082909	y	Thyroid	Thyroid	Thyroid
SRS524844	SRR1083504	y	Colon-Sigmoid	Colon-Sigmoid	Colon
SRS524927	SRR1085495	y	Brain-FrontalCortex-BA9-	Brain-FrontalCortex-BA9-	Brain
SRS524826	SRR1083076	y	Artery-Aorta	Artery-Aorta	Blood.Vessel
SRS524320	SRR1071568	y	Lung	Lung	Lung
SRS1036235	SRR2166420	y	Cells-EBV-transformedlymphocytes	Cells-EBV-transformedlymphocytes	Blood
SRS1572426	SRR3933202	y	ESC_StemCellLine	ESC_StemCellLine	ESC
SRS524645	SRR1078998	y	synth	synth	Cells-Transformedfibroblasts
SRS524203	SRR1068953	y	synth	synth	Stomach
SRS623923	SRR1309833	y	synth	synth	Esophagus-GastroesophagealJunction
SRS333474	SRR606939	y	synth	synth	Heart-LeftVentricle
SRS627303	SRR1334200	y	synth	synth	Spleen
SRS625006	SRR1315331	y	synth	synth	Esophagus-Mucosa
SRS638190	SRR1406307	y	synth	synth	Thyroid
SRS333051	SRR599025	n	synth	synth	Heart-LeftVentricle
SRS389718	SRR660776	y	synth	synth	Cells-EBV-transformedlymphocytes
SRS643836	SRR1429540	y	synth	synth	MinorSalivaryGland
SRS629778	SRR1356765	y	synth	synth	Breast-MammaryTissue
SRS629970	SRR1360744	y	synth	synth	Brain-Substantianigra
SRS408664	SRR817715,SRR5125371,SRR5125370	y	synth	synth	Brain-Hippocampus
SRS627099	SRR1331466	y	synth	synth	Brain-Putamen-basalganglia-
SRS639403	SRR1417960	y	synth	synth	Heart-AtrialAppendage
SRS637846	SRR1399821	y	synth	synth	Artery-Aorta
SRS534953	SRR1120939	y	synth	synth	Liver
SRS625635	SRR1322419	y	synth	synth	Brain-Amygdala
SRS374981	SRR615683	y	synth	synth	Nerve-Tibial
SRS639170	SRR1413477	y	synth	synth	Cells-Transformedfibroblasts
SRS645703	SRR1452056	y	synth	synth	Brain-CerebellarHemisphere
SRS389859	SRR663344	y	synth	synth	Lung
SRS638540	SRR1410404	y	synth	synth	Colon-Transverse
SRS374825	SRR614647	y	synth	synth	Brain-Amygdala
